name,address,latitude,longitude,category_large,category_small,source_file
스타벅스 가로수길,"서울특별시 강남구 논현로175길 94, 1~2층 (신사동)...",,,cafe,cafe,starbucks_seoul_cleaned.csv
스타벅스 강남자곡,서울특별시 강남구 자곡로 172 (자곡동) 107~109호...,,,cafe,cafe,starbucks_seoul_cleaned.csv
스타벅스 마곡GMG,"서울특별시 강서구 마곡중앙6로 16 (마곡동) 117,118,119,120호...",,,cafe,cafe,starbucks_seoul_cleaned.csv
스타벅스 강서우장산,"서울특별시 강서구 강서로 231 (화곡동, 우장산역 해링턴 타워), 116/117/118/119/...",,,cafe,cafe,starbucks_seoul_cleaned.csv
청량리_파출소,서울특별시 동대문구 약령시로21가길 15,,,안전,경찰서/파출소,police_seoul_cleaned_ver2.csv
하남풍산역,,37.552201,127.203897,metro,5호선,metro_station_seoul_cleaned.csv
하남시청역,,37.541723,127.206901,metro,5호선,metro_station_seoul_cleaned.csv
하남검단산역,,37.539729,127.223427,metro,5호선,metro_station_seoul_cleaned.csv
장암역,,37.70015,127.053126,metro,7호선,metro_station_seoul_cleaned.csv
GS THE FRESH 둔촌포레온점,"서울특별시 강동구 양재대로 1360, 포레온스테이션5 (둔촌동)",35.375880622711094,129.720037520579,생활/편의,슈퍼마켓,large_scale_shop_seoul_cleaned.csv
하나로마트 둔촌점,"서울특별시 강동구 양재대로 1360, 포레온스테이션5 (둔촌동)",35.375880622711094,129.720037520579,생활/편의,슈퍼마켓,large_scale_shop_seoul_cleaned.csv
구의 자이르네 판매시설,서울특별시 광진구 광나루로39길 11 (구의동),35.33558334343353,129.7412820687044,생활/편의,그 밖의 대규모점포,large_scale_shop_seoul_cleaned.csv
GS THE FRESH 노량진역점,"서울특별시 동작구 만양로 93, 주영빌딩 B1층 (노량진동)",35.221342941361826,129.69634126431166,생활/편의,슈퍼마켓,large_scale_shop_seoul_cleaned.csv
GS THE FRESH 수유중앙점,서울특별시 강북구 삼양로79길 24-17 (수유동),35.27539056843926,129.84360446813793,생활/편의,슈퍼마켓,large_scale_shop_seoul_cleaned.csv
(주)지에스리테일GS수퍼 광진화양점,서울특별시 광진구 능동로13길 39 (화양동),35.32062107944932,129.73832463398196,생활/편의,슈퍼마켓,large_scale_shop_seoul_cleaned.csv
GS THE FRESH 성동텐즈힐점,"서울특별시 성동구 마장로 137, 221동 1층 1230호,1231호,1232(일부)호 (상왕십리동, 텐즈힐)",35.28394646497341,129.76860509101544,생활/편의,슈퍼마켓,large_scale_shop_seoul_cleaned.csv
GS THE FRESH 용산이촌점,"서울특별시 용산구 이촌로 200, LG프라자 지하1층 (이촌동)",35.241235124198674,129.70814211675548,생활/편의,슈퍼마켓,large_scale_shop_seoul_cleaned.csv
(주)지에스리테일 송파점,"서울특별시 송파구 동남로 189 (가락동, 쌍용아파트)",35.36831773078401,129.68144303195436,생활/편의,슈퍼마켓,large_scale_shop_seoul_cleaned.csv
GS THE FRESH 신촌이대역점,"서울특별시 서대문구 이화여대길 50-12, 상가동 1층 101호 (대현동, 신촌럭키아파트)",35.223164289269164,129.75455268772487,생활/편의,슈퍼마켓,large_scale_shop_seoul_cleaned.csv
GS THE FRESH 남가좌디엠씨점,"서울특별시 서대문구 거북골로 100, 지하3층 32,33,34,35호 (남가좌동, 래미안 루센티아)",35.19847473529708,129.77398105257325,생활/편의,슈퍼마켓,large_scale_shop_seoul_cleaned.csv
GS THE FRESH 송파시그니처점,"서울특별시 송파구 거마로 56(거여동, 송파시그니처롯데캐슬)",35.38533214191463,129.68193784124952,생활/편의,슈퍼마켓,large_scale_shop_seoul_cleaned.csv
GS더프레시 보문역사거리점,"서울특별시 성북구 보문로 121, 신한은행보문동지점 1층 일부 (보문동2가)",35.278606186255615,129.78855069311507,생활/편의,슈퍼마켓,large_scale_shop_seoul_cleaned.csv
GS THE FRESH 방배중앙점,서울특별시 서초구 동광로 35 (방배동),35.25577972686455,129.67273750182562,생활/편의,슈퍼마켓,large_scale_shop_seoul_cleaned.csv
롯데쇼핑(주)롯데슈퍼원효로점,"서울특별시 용산구 백범로 341 (원효로1가, 리첸시아 용산)",35.23917984679792,129.72919311189978,생활/편의,복합쇼핑몰,large_scale_shop_seoul_cleaned.csv
롯데쇼핑(주)롯데마트 송파점,서울특별시 송파구 중대로 80 (문정동),35.36017195121898,129.67651642357282,생활/편의,대형마트,large_scale_shop_seoul_cleaned.csv
GS THE FRESH 잠실래미안점,"서울특별시 송파구 올림픽로35길 45, 잠실래미안아이파크 단지내 상가 B101~B106호 (신천동)",35.353834883373914,129.70881752806207,생활/편의,슈퍼마켓,large_scale_shop_seoul_cleaned.csv
GS THE FRESH 성동옥수점,"서울특별시 성동구 독서당로 223, 래미안 옥수 리버젠 상가 상가동 423~428호 (옥수동)",35.27598202609676,129.7385740475252,생활/편의,슈퍼마켓,large_scale_shop_seoul_cleaned.csv
(주)지에스리테일 암사캐슬점,서울특별시 강동구 고덕로 133 (암사동),35.376354785018854,129.7547005792053,생활/편의,슈퍼마켓,large_scale_shop_seoul_cleaned.csv
신원아침도시마인상가,서울특별시 강남구 도산대로85길 30 (청담동),35.305001231638975,129.71696216151264,생활/편의,그 밖의 대규모점포,large_scale_shop_seoul_cleaned.csv
롯데슈퍼 논현점,"서울특별시 강남구 언주로122길 25 (논현동, 두산위브아파트)",35.29639526154385,129.6997174992104,생활/편의,슈퍼마켓,large_scale_shop_seoul_cleaned.csv
GS THE FRESH 송파나루역점,"서울특별시 송파구 올림픽로32길 53, 1층 (방이동)",35.35508243181545,129.70171906106592,생활/편의,슈퍼마켓,large_scale_shop_seoul_cleaned.csv
(주)지에스리테일 잠실파크리오점,"서울특별시 송파구 올림픽로 435 (신천동, 파크리오아파트)",35.3501203847812,129.71132138822705,생활/편의,슈퍼마켓,large_scale_shop_seoul_cleaned.csv
(주)지에스리테일 송파가락점,서울특별시 송파구 오금로46길 49 (가락동),35.37227622680991,129.67928294954936,생활/편의,슈퍼마켓,large_scale_shop_seoul_cleaned.csv
GS THE FRESH 공릉역점,"서울특별시 노원구 동일로192길 23, 1층 (공릉동)",35.32161496393029,129.83941671831673,생활/편의,슈퍼마켓,large_scale_shop_seoul_cleaned.csv
양남시장정비사업,서울특별시 영등포구 선유동1로 9-7 (양평동1가),35.17893270898832,129.70846545074795,생활/편의,그 밖의 대규모점포,large_scale_shop_seoul_cleaned.csv
GS THE FRESH 강남영동점,"서울특별시 강남구 강남대로128길 20, 영동프라자 (논현동)",35.28476869751805,129.69616859867244,생활/편의,슈퍼마켓,large_scale_shop_seoul_cleaned.csv
롯데슈퍼 코엑스점,서울특별시 강남구 봉은사로103길 5 (삼성동),35.314670571605596,129.70333791387614,생활/편의,슈퍼마켓,large_scale_shop_seoul_cleaned.csv
GS더프레시 성북돈암점,"서울특별시 성북구 북악산로 844 (돈암동, 돈암이수브라운스톤아파트)",35.27763261476114,129.80315487413426,생활/편의,슈퍼마켓,large_scale_shop_seoul_cleaned.csv
GS더프레시 동소문점,"서울특별시 성북구 성북로4길 52 (돈암동, 한진아파트)",35.27177969594686,129.79921557409048,생활/편의,슈퍼마켓,large_scale_shop_seoul_cleaned.csv
롯데백화점 노원점,서울특별시 노원구 동일로 1414 (상계동),35.31037089302703,129.8741706631062,생활/편의,복합쇼핑몰,large_scale_shop_seoul_cleaned.csv
롯데쇼핑(주)롯데슈퍼풍납점,서울특별시 송파구 강동대로9길 20 (풍납동),35.35855901901371,129.72067002783393,생활/편의,슈퍼마켓,large_scale_shop_seoul_cleaned.csv
GS THE FRESH 신방화역점,"서울특별시 강서구 마곡서1로 115-1, 마곡헤리움1차 111~114호 (마곡동)",35.120047459568184,129.75998849612412,생활/편의,슈퍼마켓,large_scale_shop_seoul_cleaned.csv
㈜지에스리테일 GS수퍼 강북미아점,서울특별시 강북구 삼양로27길 35-21 (미아동),35.2779730103941,129.82765044994164,생활/편의,슈퍼마켓,large_scale_shop_seoul_cleaned.csv
이마트에브리데이 이태원점,"서울특별시 용산구 회나무로13길 20-4, 일각빌딩 1층 (이태원동)",35.25702979383103,129.73222945862292,생활/편의,슈퍼마켓,large_scale_shop_seoul_cleaned.csv
Chapter M,서울특별시 중구 명동8나길 38 (충무로1가),35.250751450211155,129.7581547749392,생활/편의,그 밖의 대규모점포,large_scale_shop_seoul_cleaned.csv
㈜이마트에브리데이 양천향교역점,"서울특별시 강서구 허준로 16-12, 동남빌딩 (가양동)",35.13958348047194,129.76451185597546,생활/편의,슈퍼마켓,large_scale_shop_seoul_cleaned.csv
낙원상가,"서울특별시 종로구 삼일대로 428, 낙원상가 506호 (낙원동)",35.25438281712208,129.7710765766203,생활/편의,그 밖의 대규모점포,large_scale_shop_seoul_cleaned.csv
지에스 더프레시(GS THE FRESH) 고덕그라시움점,"서울특별시 강동구 고덕로 353, 고덕그라시움아파트(상가1동) 지하1층 108-119,128호 (고덕동)",35.39396937113491,129.75850365961242,생활/편의,슈퍼마켓,large_scale_shop_seoul_cleaned.csv
낙원상가,"서울특별시 종로구 삼일대로 428, 낙원상가 (낙원동)",35.25438281712208,129.7710765766203,생활/편의,그 밖의 대규모점포,large_scale_shop_seoul_cleaned.csv
GS THE FRESH 관악봉천점,"서울특별시 관악구 은천로 81 (봉천동, 은천빌딩)",35.222222544471954,129.6662374849854,생활/편의,슈퍼마켓,large_scale_shop_seoul_cleaned.csv
GS THE FRESH 구의역점,"서울특별시 광진구 자양로18길 33, 1층 (구의동)",35.333087129028,129.7321064918376,생활/편의,대형마트,large_scale_shop_seoul_cleaned.csv
이마트에브리데이 휘경자이점,"서울특별시 동대문구 외대역동로 63-27, 상가동 201~203호 (휘경동, 휘경자이디센시아)",35.31342475437867,129.79842547339894,생활/편의,슈퍼마켓,large_scale_shop_seoul_cleaned.csv
롯데쇼핑(주)롯데슈퍼개화산점,서울특별시 양천로6길 15,35.1112890485252,129.76614562537137,생활/편의,슈퍼마켓,large_scale_shop_seoul_cleaned.csv
롯데쇼핑(주)롯데슈퍼방이점,서울특별시 송파구 올림픽로32길 20 (방이동),35.35265596539593,129.7036614854697,생활/편의,슈퍼마켓,large_scale_shop_seoul_cleaned.csv
마포농수산물시장,서울특별시 마포구 월드컵로 235 (성산동),35.1833853041532,129.7600312831131,생활/편의,그 밖의 대규모점포,large_scale_shop_seoul_cleaned.csv
홈플러스(주) 익스프레스 화곡점,서울특별시 강서구 화곡로 153 (화곡동),35.136769323013006,129.729781571045,생활/편의,슈퍼마켓,large_scale_shop_seoul_cleaned.csv
올림픽파크포레온 스테이션9,"서울특별시 강동구 양재대로 1300 (둔촌동, 올림픽파크포레온)",35.374519511391945,129.71340596326905,생활/편의,그 밖의 대규모점포,large_scale_shop_seoul_cleaned.csv
GS THE FRESH 영등포구청역점,"서울특별시 영등포구 양산로23길 16, 당산 임대주택 106~108호 (당산동3가)",35.184514794191585,129.7115221372402,생활/편의,슈퍼마켓,large_scale_shop_seoul_cleaned.csv
올림픽파크포레온 스테이션5,"서울특별시 강동구 양재대로 1360, 포레온스테이션5 (둔촌동)",35.375880622711094,129.720037520579,생활/편의,그 밖의 대규모점포,large_scale_shop_seoul_cleaned.csv
(주)이마트에브리데이 수유시장점,"서울특별시 강북구 도봉로67길 18, 수유시장 1층 (수유동)",35.28078948454281,129.84339753160037,생활/편의,슈퍼마켓,large_scale_shop_seoul_cleaned.csv
GS THE FRESH 강서등촌역점,서울특별시 강서구 공항대로61길 36 (염창동),35.15831018863187,129.74376609544683,생활/편의,슈퍼마켓,large_scale_shop_seoul_cleaned.csv
광장시장,서울특별시 종로구 창경궁로 88 (예지동),35.263432579129805,129.76874749131582,생활/편의,복합쇼핑몰,large_scale_shop_seoul_cleaned.csv
홈플러스(주)익스프레스 숭인점,서울특별시 종로구 종로 347 (숭인동),35.27702992867089,129.77384197149317,생활/편의,슈퍼마켓,large_scale_shop_seoul_cleaned.csv
동대문종합시장D동상가,"서울특별시 종로구 종로 266, 동대문종합시장D동상가  동 (종로6가)",35.270097283346615,129.7696469829892,생활/편의,그 밖의 대규모점포,large_scale_shop_seoul_cleaned.csv
(주)영풍문고,서울특별시 종로구 청계천로 41 (서린동),35.25007110546933,129.76771586414037,생활/편의,전문점,large_scale_shop_seoul_cleaned.csv
효성주얼리시티,"서울특별시 종로구 종로 183 (인의동, 효성주얼리시티)",35.26316940592815,129.77047992147095,생활/편의,그 밖의 대규모점포,large_scale_shop_seoul_cleaned.csv
브라운스톤 창신상가,"서울특별시 종로구 지봉로 81 (창신동, 브라운스톤 창신)",35.276017712943506,129.77810856643572,생활/편의,그 밖의 대규모점포,large_scale_shop_seoul_cleaned.csv
GS THE FRESH 광진중곡점,"서울특별시 광진구 천호대로 577, 1층 (중곡동)",35.3301789440431,129.75443352913945,생활/편의,대형마트,large_scale_shop_seoul_cleaned.csv
동대문종합시장,서울특별시 종로구 종로 266 (종로6가),35.27134863897783,129.76943161863898,생활/편의,그 밖의 대규모점포,large_scale_shop_seoul_cleaned.csv
종로1번지아케이트,서울특별시 종로구 종로 1 (종로1가),35.24682085906076,129.76882835181848,생활/편의,전문점,large_scale_shop_seoul_cleaned.csv
동문시장,서울특별시 종로구 종로44길 14 (창신동),35.273315858715165,129.76956541030165,생활/편의,시장,large_scale_shop_seoul_cleaned.csv
세운스퀘어,서울특별시 종로구 창경궁로 109 (인의동),35.2618719106544,129.77141479379029,생활/편의,그 밖의 대규모점포,large_scale_shop_seoul_cleaned.csv
홈플러스(주)익스프레스 광화문점,"서울특별시  새문안로 91, 1층 (고려빌딩)",35.24417779379992,129.7686236076612,생활/편의,복합쇼핑몰,large_scale_shop_seoul_cleaned.csv
광장주식회사,서울특별시 종로구 창경궁로 88,35.263432579129805,129.76874749131582,생활/편의,시장,large_scale_shop_seoul_cleaned.csv
신설종합시장,"서울특별시 종로구 난계로27길 51, 신설종합시장 숭인동 (숭인동)",35.28037726157683,129.772514196551,생활/편의,시장,large_scale_shop_seoul_cleaned.csv
신설종합시장(주),"서울특별시 종로구 난계로27길 51, 신설종합시장 (숭인동)",35.28037726157683,129.772514196551,생활/편의,시장,large_scale_shop_seoul_cleaned.csv
GS THE FRESH 무악현대점,"서울특별시 종로구 통일로 246-10, 무악현대아파트 지하 1층 (무악동)",35.23294898367812,129.7742114690538,생활/편의,슈퍼마켓,large_scale_shop_seoul_cleaned.csv
방산종합시장,서울특별시 중구 동호로37길 20 (방산동),35.26496074877243,129.7671451352576,생활/편의,시장,large_scale_shop_seoul_cleaned.csv
서울남대문시장,서울특별시 중구 남대문시장4길 21 (남창동),35.247033942100956,129.7551957948965,생활/편의,시장,large_scale_shop_seoul_cleaned.csv
팀204,서울특별시 중구 마장로 30 (신당동),35.27505856096901,129.76620326745433,생활/편의,그 밖의 대규모점포,large_scale_shop_seoul_cleaned.csv
통일상가,"서울특별시 중구 청계천로 260-9 (을지로6가, 통일의류종합상가)",35.26970175068727,129.7676208586572,생활/편의,그 밖의 대규모점포,large_scale_shop_seoul_cleaned.csv
진양상가,서울특별시 중구 퇴계로 217 (충무로4가),35.261252582760406,129.75934391513314,생활/편의,그 밖의 대규모점포,large_scale_shop_seoul_cleaned.csv
상제리제상가,서울특별시 중구 삼일대로 363 (장교동),35.25366718446136,129.76515217641153,생활/편의,그 밖의 대규모점포,large_scale_shop_seoul_cleaned.csv
(주)에리어식스,서울특별시 중구 마장로 19 (신당동),35.27385960283366,129.76677481480905,생활/편의,그 밖의 대규모점포,large_scale_shop_seoul_cleaned.csv
우일타운,서울특별시 중구 다산로 274 (흥인동),35.27748912498683,129.766026647135,생활/편의,전문점,large_scale_shop_seoul_cleaned.csv
대림상가,서울특별시 중구 을지로 157 (을지로4가),35.260795843313474,129.764638262971,생활/편의,그 밖의 대규모점포,large_scale_shop_seoul_cleaned.csv
신세계백화점,"서울특별시 중구 소공로 63 (충무로1가,신세계백화점건물)",35.24952054765568,129.7571437657822,생활/편의,백화점,large_scale_shop_seoul_cleaned.csv
아트프라자,서울특별시 중구 마장로1길 28 (신당동),35.27456323069398,129.7680334202535,생활/편의,그 밖의 대규모점포,large_scale_shop_seoul_cleaned.csv
남산타운5상가,서울특별시 중구 다산로 32 (신당동),35.272237067587184,129.7433902792343,생활/편의,그 밖의 대규모점포,large_scale_shop_seoul_cleaned.csv
남산타운2상가,서울특별시 중구 다산로 32 (신당동),35.272237067587184,129.7433902792343,생활/편의,그 밖의 대규모점포,large_scale_shop_seoul_cleaned.csv
하이해리엇,서울특별시 중구 퇴계로 123 (충무로2가),35.252861488242495,129.7577507971892,생활/편의,그 밖의 대규모점포,large_scale_shop_seoul_cleaned.csv
올레오,서울특별시 중구 마장로1길 22 (신당동),35.27429315567162,129.76777707732418,생활/편의,쇼핑센터,large_scale_shop_seoul_cleaned.csv
맥스타일,서울특별시 중구 마장로 3 (신당동),35.27270550458669,129.7675619539536,생활/편의,전문점,large_scale_shop_seoul_cleaned.csv
통일상가,서울특별시 중구 장충단로13길 20 (을지로6가),35.27045904596646,129.767266134284,생활/편의,그 밖의 대규모점포,large_scale_shop_seoul_cleaned.csv
제일평화시장,서울특별시 중구 마장로 13 (신당동),35.27339004782198,129.7671515176114,생활/편의,그 밖의 대규모점포,large_scale_shop_seoul_cleaned.csv
(주)지에스리테일 남산타운점,서울특별시 중구 다산로 32 (신당동),35.272237067587184,129.7433902792343,생활/편의,슈퍼마켓,large_scale_shop_seoul_cleaned.csv
롯데아울렛 서울역점,서울특별시 중구 한강대로 405 (봉래동2가),35.240345700169854,129.75087394879642,생활/편의,쇼핑센터,large_scale_shop_seoul_cleaned.csv
롯데아울렛 서울역점,서울특별시 중구 한강대로 405 (봉래동2가),35.240345700169854,129.75087394879642,생활/편의,쇼핑센터,large_scale_shop_seoul_cleaned.csv
(주)광희패션몰,서울특별시 중구 마장로1길 21 (신당동),35.27378293389888,129.76737782308876,생활/편의,그 밖의 대규모점포,large_scale_shop_seoul_cleaned.csv
던던 동대문점,서울특별시 중구 을지로 264 (을지로6가),35.26994994184985,129.76373443235,생활/편의,쇼핑센터,large_scale_shop_seoul_cleaned.csv
두타몰,서울특별시 중구 장충단로 275 (을지로6가),35.2712655837201,129.76750169858116,생활/편의,그 밖의 대규모점포,large_scale_shop_seoul_cleaned.csv
밀리오레,서울특별시 중구 장충단로 263 (을지로6가),35.270927803767016,129.76689045678927,생활/편의,그 밖의 대규모점포,large_scale_shop_seoul_cleaned.csv
굳앤굳 디자이너월드,서울특별시 중구 남대문로 30 (남창동),35.24801219263138,129.7568658054427,생활/편의,그 밖의 대규모점포,large_scale_shop_seoul_cleaned.csv
남평화상가(주),서울특별시 중구 장충단로 282-10 (신당동),35.272973600320036,129.7680061422677,생활/편의,그 밖의 대규모점포,large_scale_shop_seoul_cleaned.csv
호텔롯데아케이드,"서울특별시 중구 을지로 30 (소공동, 롯데호텔)",35.24937419061275,129.76187746458857,생활/편의,그 밖의 대규모점포,large_scale_shop_seoul_cleaned.csv
에이피엠패션몰,서울특별시 중구 마장로 40 (신당동),35.27423661226786,129.76675469460884,생활/편의,그 밖의 대규모점포,large_scale_shop_seoul_cleaned.csv
청계상가,"서울특별시 중구 청계천로 160, 세운청계상가 (산림동)",35.260641694046335,129.7662060861597,생활/편의,그 밖의 대규모점포,large_scale_shop_seoul_cleaned.csv
동화상가,서울특별시 중구 장충단로13길 34 (을지로6가),35.26981275271258,129.7672105663043,생활/편의,그 밖의 대규모점포,large_scale_shop_seoul_cleaned.csv
누죤,서울특별시 중구 을지로45길 62 (신당동),35.27450722186977,129.76563828627994,생활/편의,그 밖의 대규모점포,large_scale_shop_seoul_cleaned.csv
중부시장,서울특별시 중구 을지로36길 35 (오장동),35.2658680637411,129.76261877810842,생활/편의,그 밖의 대규모점포,large_scale_shop_seoul_cleaned.csv
디자이너크럽,서울특별시 중구 을지로45길 72 (신당동),35.27479468379401,129.7659364362408,생활/편의,그 밖의 대규모점포,large_scale_shop_seoul_cleaned.csv
선싸인,서울특별시 중구 명동8가길 27 (충무로2가),35.25375445128198,129.75861775365914,생활/편의,그 밖의 대규모점포,large_scale_shop_seoul_cleaned.csv
혜양엘리시움,서울특별시 중구 마장로1길 18 (신당동),35.274224879480364,129.7675462271704,생활/편의,그 밖의 대규모점포,large_scale_shop_seoul_cleaned.csv
삼익패션타운,서울특별시 중구 남대문시장8길 7 (남창동),35.247823395121635,129.75616330062357,생활/편의,그 밖의 대규모점포,large_scale_shop_seoul_cleaned.csv
남정종합상가,서울특별시 중구 소월로 9 (남창동),35.24579936853792,129.75434432887843,생활/편의,그 밖의 대규모점포,large_scale_shop_seoul_cleaned.csv
에이피엠플레이스,"서울특별시 중구 을지로 276 (을지로7가, apMPLACE)",35.27108869825989,129.76317606421398,생활/편의,쇼핑센터,large_scale_shop_seoul_cleaned.csv
홈플러스익스프레스 신당점,서울특별시 중구 다산로 222 (신당동),35.27687772752073,129.76041821170807,생활/편의,슈퍼마켓,large_scale_shop_seoul_cleaned.csv
DDP FASHION MALL,"서울특별시 중구 마장로 22 (신당동, DDP FASHION MALL)",35.27397374763054,129.76559384827243,생활/편의,그 밖의 대규모점포,large_scale_shop_seoul_cleaned.csv
서울중앙시장,서울특별시 중구 퇴계로85길 22 (황학동),35.28011303310615,129.76532524352052,생활/편의,시장,large_scale_shop_seoul_cleaned.csv
헬로우에이피엠,서울특별시 중구 장충단로 253 (을지로6가),35.270817636489056,129.76587504903682,생활/편의,그 밖의 대규모점포,large_scale_shop_seoul_cleaned.csv
청평화시장,서울특별시 중구 청계천로 334 (신당동),35.27617424444042,129.76846333239956,생활/편의,그 밖의 대규모점포,large_scale_shop_seoul_cleaned.csv
디오트,서울특별시 중구 다산로 293 (신당동),35.27604973442981,129.76805955436583,생활/편의,그 밖의 대규모점포,large_scale_shop_seoul_cleaned.csv
지에스수퍼마켓 중구만리점,"서울특별시 중구 만리재로 175, 401동 9,10,11호 (만리동2가)",35.235600426233326,129.74850559331102,생활/편의,슈퍼마켓,large_scale_shop_seoul_cleaned.csv
주식회사 이마트 청계천점,서울특별시 중구 청계천로 400-0 (황학동),35.28129090316675,129.77048404201204,생활/편의,대형마트,large_scale_shop_seoul_cleaned.csv
베네치아메가몰,서울특별시 중구 청계천로 400 (황학동),35.28129090316675,129.77048404201204,생활/편의,그 밖의 대규모점포,large_scale_shop_seoul_cleaned.csv
엠플라자(M plaza),"서울특별시 중구 명동8길 27 (명동2가, 엠 플라자)",35.25267712521498,129.75917266407413,생활/편의,쇼핑센터,large_scale_shop_seoul_cleaned.csv
평화시장,서울특별시 중구  청계천로  274 (을지로6가),35.27071669039169,129.76827668771267,생활/편의,시장,large_scale_shop_seoul_cleaned.csv
눈스퀘어,서울특별시 중구 명동길 14 (명동2가),35.25084530434726,129.76022460280103,생활/편의,그 밖의 대규모점포,large_scale_shop_seoul_cleaned.csv
센터포인트 명동,서울 중구 남대문로 84,35.25065752383838,129.76172456943596,생활/편의,쇼핑센터,large_scale_shop_seoul_cleaned.csv
굿모닝시티 쇼핑몰,"서울특별시 중구 장충단로 247 (을지로6가,굿모닝시티쇼핑몰)",35.27014946085565,129.76509702859528,생활/편의,쇼핑센터,large_scale_shop_seoul_cleaned.csv
"나진상가 17,18동","서울특별시 용산구 청파로 125, 나진상가 (한강로2가)",35.23774421843279,129.7237928731308,생활/편의,전문점,large_scale_shop_seoul_cleaned.csv
롯데슈퍼 한남점(가맹점),"서울특별시 용산구 대사관로34길 26, 허준빌딩 1층 (한남동)",35.26982771124929,129.7227051235338,생활/편의,슈퍼마켓,large_scale_shop_seoul_cleaned.csv
롯데프레시 갈월점,서울특별시 한강대로77길 12,35.24265499543307,129.73411342442202,생활/편의,슈퍼마켓,large_scale_shop_seoul_cleaned.csv
국제센터아케이드,서울특별시 서초구 효령로 304,35.244720991561934,129.7234647179986,생활/편의,그 밖의 대규모점포,large_scale_shop_seoul_cleaned.csv
(주)전자타운,서울특별시 용산구 청파로 113-12 (한강로2가),35.23686160779649,129.72403161302944,생활/편의,그 밖의 대규모점포,large_scale_shop_seoul_cleaned.csv
아이파크몰(I PARK MALL),서울특별시 용산구 한강대로23길 55 (한강로3가),35.23686408559516,129.71849028472974,생활/편의,쇼핑센터,large_scale_shop_seoul_cleaned.csv
LS Avenue,서울특별시 용산구 한강대로 92 (한강로2가),35.23993829525369,129.71692922164246,생활/편의,그 밖의 대규모점포,large_scale_shop_seoul_cleaned.csv
선인상가,"서울특별시 용산구 새창로 181 (한강로2가, 선인상가)",35.237467831195126,129.7227186576593,생활/편의,전문점,large_scale_shop_seoul_cleaned.csv
아이파크(I PARK)백화점,서울특별시 용산구 한강대로23길 55 (한강로3가),35.23686408559516,129.71849028472974,생활/편의,백화점,large_scale_shop_seoul_cleaned.csv
만리시장,서울특별시 용산구 효창원로 270 (서계동),35.235852801830106,129.74495014543666,생활/편의,시장,large_scale_shop_seoul_cleaned.csv
신세계이마트미아점,서울 성북구 도봉로 17 이마트미아점,35.28675168276885,129.819307699954,생활/편의,대형마트,large_scale_shop_seoul_cleaned.csv
해밀톤 쇼핑몰,서울특별시 용산구 이태원로 179 (이태원동),35.260145210998594,129.72553932744594,생활/편의,쇼핑센터,large_scale_shop_seoul_cleaned.csv
(주)에스와이에스홀딩스,서울특별시 용산구 청파로 74 (한강로3가),35.23325155447499,129.7223411996909,생활/편의,전문점,large_scale_shop_seoul_cleaned.csv
나진산업 주식회사,"서울특별시 용산구 청파로 109, 나진상가 (한강로3가)",35.23616709912907,129.72342056183157,생활/편의,전문점,large_scale_shop_seoul_cleaned.csv
원효전자상가,서울특별시 용산구 청파로 77 (원효로3가),35.23335813600132,129.72340440116906,생활/편의,전문점,large_scale_shop_seoul_cleaned.csv
신동아 쇼핑센터,서울특별시 용산구 이촌로 352 (용산동6가),35.253953725864605,129.7040579597755,생활/편의,쇼핑센터,large_scale_shop_seoul_cleaned.csv
전자타운,서울특별시 용산구 청파로 113-12 (한강로2가),35.23686160779649,129.72403161302944,생활/편의,전문점,large_scale_shop_seoul_cleaned.csv
이태원시장,서울특별시 용산구 이태원로14길 6 (이태원동),35.25735634491742,129.72437681070792,생활/편의,시장,large_scale_shop_seoul_cleaned.csv
(주)서부티엔디,"서울특별시 용산구 청파로 100, 12동 2층 (한강로3가)",35.23536531777365,129.72240716666184,생활/편의,전문점,large_scale_shop_seoul_cleaned.csv
GS THE FRESH 용산해링턴점,"서울특별시 용산구 서빙고로 17, 용산해링턴스퀘어 C동 1층 111~115호 (한강로3가)",35.239616230524426,129.71415727770471,생활/편의,복합쇼핑몰,large_scale_shop_seoul_cleaned.csv
나진전자월드상가,"서울특별시 용산구 청파로 109, 나진상가 14동 (한강로3가)",35.23616709912907,129.72342056183157,생활/편의,전문점,large_scale_shop_seoul_cleaned.csv
GS THE FRESH 성동센트라스점,"서울특별시 성동구 왕십리로 410, 상가(L)동 지하1층 B102,B103호 (하왕십리동, 센트라스)",35.286369290220165,129.76472188715218,생활/편의,슈퍼마켓,large_scale_shop_seoul_cleaned.csv
파크에비뉴 엔터식스 한양대점,서울특별시 성동구 왕십리로 241 (행당동),35.296618656383345,129.75333450978033,생활/편의,복합쇼핑몰,large_scale_shop_seoul_cleaned.csv
홈플러스(주) 익스프레스 왕십리점,서울특별시 성동구 왕십리로 333 (하왕십리동),35.29036295226879,129.7607223332237,생활/편의,슈퍼마켓,large_scale_shop_seoul_cleaned.csv
자동차매매센타,"서울특별시 성동구 자동차시장1길 70 (용답동, 장안평중고자동차시장)",35.317250664184954,129.75859340508785,생활/편의,전문점,large_scale_shop_seoul_cleaned.csv
한남하이츠상가,"서울특별시 성동구 독서당로 160, 한남하이츠아파트 (옥수동)",35.27637460018602,129.732221479299,생활/편의,슈퍼마켓,large_scale_shop_seoul_cleaned.csv
대림리빙프라자,"서울특별시 성동구 행당로 87, 행당동 대림아파트 (행당동)",35.28617987677446,129.75470389482868,생활/편의,그 밖의 대규모점포,large_scale_shop_seoul_cleaned.csv
한진종합상가,"서울특별시 성동구 행당로 84, 행당 한진타운 종합상가 (행당동)",35.2878982836952,129.75229759515446,생활/편의,그 밖의 대규모점포,large_scale_shop_seoul_cleaned.csv
마장축산물시장,"서울특별시 성동구 마장로31길 40 (마장동,일대)",35.294828452301054,129.76944432201697,생활/편의,시장,large_scale_shop_seoul_cleaned.csv
성동삼성쉐르빌상가,서울특별시 성동구 무학로6길 50 (도선동),35.29221594104072,129.76282847787638,생활/편의,그 밖의 대규모점포,large_scale_shop_seoul_cleaned.csv
(주)이마트 왕십리점,서울특별시 성동구 왕십리광장로 17 (행당동),35.294712624065056,129.76205015108917,생활/편의,대형마트,large_scale_shop_seoul_cleaned.csv
ENTER-6,"서울특별시 성동구 왕십리광장로 17, 왕십리민자역사 (행당동)",35.29504408843885,129.75913968533126,생활/편의,그 밖의 대규모점포,large_scale_shop_seoul_cleaned.csv
홈플러스(주) 익프스레스 금호2점,서울특별시 성동구 동호로 100 (금호동3가),35.277905839888305,129.7447402669273,생활/편의,슈퍼마켓,large_scale_shop_seoul_cleaned.csv
홈플러스(주) 익스프레스 금호점,서울특별시 성동구 행당로 6 (금호동1가),35.281288776921926,129.75041528944536,생활/편의,슈퍼마켓,large_scale_shop_seoul_cleaned.csv
GS THE FRESG 서울숲점,"서울특별시 성동구 왕십리로 109, 성수만세주유소 1층 (성수동1가)",35.30010411460644,129.74253664586848,생활/편의,슈퍼마켓,large_scale_shop_seoul_cleaned.csv
뚝도시장,서울특별시 성동구 성수이로 32-15 (성수동2가),35.30878284891071,129.73095935732488,생활/편의,시장,large_scale_shop_seoul_cleaned.csv
금남시장,서울특별시 성동구 독서당로 303-11 (금호동3가),35.2829522681782,129.74320679851107,생활/편의,시장,large_scale_shop_seoul_cleaned.csv
노룬산시장,서울특별시 광진구 뚝섬로 491 (자양동),35.31681108415054,129.72963302386705,생활/편의,그 밖의 대규모점포,large_scale_shop_seoul_cleaned.csv
조양시장,서울특별시 광진구 아차산로30길 39 (자양동),35.318754358845936,129.7326332236676,생활/편의,그 밖의 대규모점포,large_scale_shop_seoul_cleaned.csv
중곡제일시장,서울특별시 광진구 긴고랑로11길 11 (중곡동),35.3291175750494,129.7635322462779,생활/편의,그 밖의 대규모점포,large_scale_shop_seoul_cleaned.csv
파크에비뉴,서울특별시 광진구 광나루로 369 (군자동),35.321425076507666,129.74437424807405,생활/편의,그 밖의 대규모점포,large_scale_shop_seoul_cleaned.csv
(주)이마트에브리데이 중곡동점,서울특별시 광진구 긴고랑로11길 11 (중곡동),35.3291175750494,129.7635322462779,생활/편의,슈퍼마켓,large_scale_shop_seoul_cleaned.csv
홈플러스익스프레스 중곡2점,서울특별시 광진구 용마산로 10 (중곡동),35.33535816310015,129.75231416519827,생활/편의,슈퍼마켓,large_scale_shop_seoul_cleaned.csv
홈플러스(주)익스프레스 중곡점,서울특별시 광진구 능동로 314 (중곡동),35.328278884075814,129.75582497194634,생활/편의,슈퍼마켓,large_scale_shop_seoul_cleaned.csv
신성종합시장,서울특별시 광진구 영화사로 12 (중곡동),35.33498480649855,129.75651002119986,생활/편의,그 밖의 대규모점포,large_scale_shop_seoul_cleaned.csv
자양종합시장,서울특별시 광진구 자양번영로6길 20 (자양동),35.32614727398079,129.72447314551465,생활/편의,그 밖의 대규모점포,large_scale_shop_seoul_cleaned.csv
테크노-마트21,서울특별시 광진구 광나루로56길 85 (구의동),35.34142265298682,129.72952557593203,생활/편의,그 밖의 대규모점포,large_scale_shop_seoul_cleaned.csv
프라젠 스파,서울특별시 광진구 자양로5길 33 (자양동),35.33231951471484,129.7233591962194,생활/편의,그 밖의 대규모점포,large_scale_shop_seoul_cleaned.csv
커먼그라운드,서울특별시 광진구 아차산로 200 (자양동),35.317544374863616,129.73534973102343,생활/편의,그 밖의 대규모점포,large_scale_shop_seoul_cleaned.csv
한아름시장,서울특별시 광진구 능동로13길 39 (화양동),35.32062107944932,129.73832463398196,생활/편의,그 밖의 대규모점포,large_scale_shop_seoul_cleaned.csv
광성시장,서울특별시 광진구 능동로47길 30 (중곡동),35.32898694081373,129.76313636053314,생활/편의,그 밖의 대규모점포,large_scale_shop_seoul_cleaned.csv
현대종합상가,서울특별시 광진구 광나루로 635 (광장동),35.343541211719156,129.73560578076643,생활/편의,그 밖의 대규모점포,large_scale_shop_seoul_cleaned.csv
구의현대종합상가,서울특별시 광진구 광나루로56길 34 (구의동),35.34142591347523,129.73309895112718,생활/편의,그 밖의 대규모점포,large_scale_shop_seoul_cleaned.csv
프라임프라자상가,서울특별시 광진구 광나루로56길 63 (구의동),35.34285113441507,129.73164782391868,생활/편의,그 밖의 대규모점포,large_scale_shop_seoul_cleaned.csv
롯데 FRESH 아차산점,서울특별시 광진구 자양로 293 (구의동),35.33810174514697,129.7492757877675,생활/편의,슈퍼마켓,large_scale_shop_seoul_cleaned.csv
홈플러스익스프레스 구의2점,서울특별시 광진구 아차산로 473 (구의동),35.34009492484721,129.73537883239152,생활/편의,슈퍼마켓,large_scale_shop_seoul_cleaned.csv
동서울터미널상가,서울특별시 광진구 강변역로 50 (구의동),35.33973938714854,129.72729196597098,생활/편의,복합쇼핑몰,large_scale_shop_seoul_cleaned.csv
(주)이마트 자양점,서울특별시 광진구 아차산로 272 (자양동),35.322956166284065,129.73145109186518,생활/편의,대형마트,large_scale_shop_seoul_cleaned.csv
GS THE FRESH 광진구의점,"서울특별시 광진구 자양로 168, 102호 (구의동, 광진 더프레236)",35.33228505255059,129.737633551981,생활/편의,슈퍼마켓,large_scale_shop_seoul_cleaned.csv
서울풍물시장,서울특별시 동대문구 천호대로4길 21 (신설동),35.284503155466645,129.77285479201296,생활/편의,그 밖의 대규모점포,large_scale_shop_seoul_cleaned.csv
장안위더스빌,서울특별시 동대문구 한천로 42 (장안동),35.3138326271707,129.76587155754652,생활/편의,그 밖의 대규모점포,large_scale_shop_seoul_cleaned.csv
이마트에브리데이 이문점,서울특별시 동대문구 이문로 136 (이문동),35.31267879632496,129.80513374214715,생활/편의,복합쇼핑몰,large_scale_shop_seoul_cleaned.csv
불로장생타워,서울특별시 동대문구 왕산로 117 (제기동),35.293067784440545,129.7800923429033,생활/편의,전문점,large_scale_shop_seoul_cleaned.csv
건강백화점 동의보감,서울 동대문구 왕산로 128,35.29401426006264,129.77923960380002,생활/편의,전문점,large_scale_shop_seoul_cleaned.csv
전곡시장,서울특별시 동대문구 한천로 190(장안동),35.31857962111428,129.780203855949,생활/편의,시장,large_scale_shop_seoul_cleaned.csv
이경시장,서울특별시 동대문구 휘경로 53(휘경동),35.31608008073767,129.80051703565238,생활/편의,시장,large_scale_shop_seoul_cleaned.csv
이문제일시장,서울특별시 동대문구 이문로 136 (이문동),35.31267879632496,129.80513374214715,생활/편의,시장,large_scale_shop_seoul_cleaned.csv
한솔동의보감,서울특별시 동대문구 왕산로 109 (제기동),35.292342836890434,129.7801140090314,생활/편의,전문점,large_scale_shop_seoul_cleaned.csv
(주)형지쇼핑 아트몰링 장안점,서울특별시 동대문구 답십리로 288 (장안동),35.32178946102983,129.77304647025468,생활/편의,그 밖의 대규모점포,large_scale_shop_seoul_cleaned.csv
베라체캠퍼스 에비뉴,서울특별시 동대문구  이문로  37 (회기동),35.30825878545274,129.79562034829314,생활/편의,그 밖의 대규모점포,large_scale_shop_seoul_cleaned.csv
넥스트커넥트피에프브이 (주)이스트폴 판매시설,"서울특별시 광진구 아차산로 402, 판매시설 (자양동)",35.33581125397946,129.72896049566953,생활/편의,쇼핑센터,large_scale_shop_seoul_cleaned.csv
GS THE FRESH 광진능동점,"서울특별시 광진구 천호대로112길 25, 1층 (능동)",35.32931566710533,129.75255586198935,생활/편의,대형마트,large_scale_shop_seoul_cleaned.csv
롯데쇼핑(주)롯데마트 청량리점,서울특별시 동대문구 왕산로 214 (전농동),35.301333366120566,129.78337330768267,생활/편의,대형마트,large_scale_shop_seoul_cleaned.csv
롯데백화점 건대스타시티점,서울특별시 광진구 능동로 92 (자양동),35.32173845186083,129.73261145171466,생활/편의,백화점,large_scale_shop_seoul_cleaned.csv
롯데백화점 청량리역사점,서울특별시 동대문구 왕산로 214 (전농동),35.301333366120566,129.78337330768267,생활/편의,복합쇼핑몰,large_scale_shop_seoul_cleaned.csv
용두시장,서울특별시 동대문구 무학로37길 12(용두동),35.287512030011676,129.77975475971414,생활/편의,시장,large_scale_shop_seoul_cleaned.csv
경동시장,"서울특별시 동대문구 고산자로36길 3, 경동시장 (제기동)",35.29527813085315,129.78094954449483,생활/편의,시장,large_scale_shop_seoul_cleaned.csv
전농프라자,서울특별시 동대문구 서울시립대로 36 (전농동),35.301521276984886,129.77552809903483,생활/편의,그 밖의 대규모점포,large_scale_shop_seoul_cleaned.csv
전농로타리시장,서울특별시 동대문구 전농로 147 (전농동),35.30942694898942,129.7799732522967,생활/편의,시장,large_scale_shop_seoul_cleaned.csv
동부시장,서울특별시 동대문구 천호대로 281(답십리동),35.30594243941045,129.76724917566546,생활/편의,시장,large_scale_shop_seoul_cleaned.csv
이문동웰츠타워,서울특별시 동대문구 이문로 136 (이문동),35.31267879632496,129.80513374214715,생활/편의,그 밖의 대규모점포,large_scale_shop_seoul_cleaned.csv
홈플러스 익스프레스 서울회기점,서울특별시 동대문구 경희대로 20 (회기동),35.30565125558782,129.79852824509507,생활/편의,슈퍼마켓,large_scale_shop_seoul_cleaned.csv
노브랜드 경동시장점,"서울특별시 동대문구 고산자로36길 3, 2층 (제기동)",35.29527813085315,129.78094954449483,생활/편의,슈퍼마켓,large_scale_shop_seoul_cleaned.csv
이마트에브리데이 답십리점,서울특별시 동대문구 고미술로 49 (답십리동),35.30672495382574,129.76720728169946,생활/편의,슈퍼마켓,large_scale_shop_seoul_cleaned.csv
노브랜드 동대문 장안점,서울특별시 동대문구 한천로 42 (장안동),35.3138326271707,129.76587155754652,생활/편의,대형마트,large_scale_shop_seoul_cleaned.csv
GS THE FRESH 동대문장안점,"서울특별시 동대문구 장한로28가길 45, 희헌빌딩 (장안동)",35.32184796521292,129.7768500296448,생활/편의,슈퍼마켓,large_scale_shop_seoul_cleaned.csv
청량리역 한양수자인 그라시엘 판매시설,"서울특별시 동대문구 고산자로32길 78 (용두동, 청량리역한양수자인그라시엘)",35.29825627284812,129.77877920272635,생활/편의,그 밖의 대규모점포,large_scale_shop_seoul_cleaned.csv
청량리현대코아,서울특별시 동대문구 홍릉로 13 (청량리동),35.29925062981501,129.78386461880353,생활/편의,그 밖의 대규모점포,large_scale_shop_seoul_cleaned.csv
롯데쇼핑(주) 롯데슈퍼 전농점,"서울특별시 동대문구 사가정로 148 (전농동, SK아파트)",35.312171864330196,129.77846326749102,생활/편의,슈퍼마켓,large_scale_shop_seoul_cleaned.csv
길음시장,서울특별시 성북구 동소문로 227 (길음동),35.28065662183221,129.809162220838,생활/편의,시장,large_scale_shop_seoul_cleaned.csv
동성타워프라자,서울특별시 중랑구 봉화산로 221 (신내동),35.34052800728745,129.8177982372404,생활/편의,복합쇼핑몰,large_scale_shop_seoul_cleaned.csv
태능엔터피아 번영회,서울특별시 중랑구 동일로129길 35 (중화동),35.325032909904024,129.806553546185,생활/편의,시장,large_scale_shop_seoul_cleaned.csv
이노시티,"서울특별시 중랑구 망우로 353-0 (상봉동, 프레미어스 엠코)",35.33544204839997,129.80547033651743,생활/편의,복합쇼핑몰,large_scale_shop_seoul_cleaned.csv
동원,서울특별시 중랑구 면목로74길 45 (면목동),35.33518830309351,129.7953747093746,생활/편의,시장,large_scale_shop_seoul_cleaned.csv
홈플러스(주) 익스프레스 태릉점,서울특별시 중랑구 동일로129길 35 (중화동),35.325032909904024,129.806553546185,생활/편의,그 밖의 대규모점포,large_scale_shop_seoul_cleaned.csv
홈플러스(주)익스프레스 면목점,서울특별시 중랑구 면목로 357 (면목동),35.33390113555156,129.7882104027578,생활/편의,그 밖의 대규모점포,large_scale_shop_seoul_cleaned.csv
홈플러스(주)익스프레스 망우점,서울특별시 중랑구 용마산로 494 (망우동),35.343257759663224,129.8018910842338,생활/편의,그 밖의 대규모점포,large_scale_shop_seoul_cleaned.csv
(주)이마트에브리데이 면목동점,서울특별시 중랑구 면목로39길 11 (면목동),35.33262927189624,129.7827284386193,생활/편의,그 밖의 대규모점포,large_scale_shop_seoul_cleaned.csv
홈플러스 신내점,서울특별시 중랑구 신내로 201 (신내동),35.337505022443196,129.82713718786002,생활/편의,대형마트,large_scale_shop_seoul_cleaned.csv
GS THE FRESH 이문라그란데점,"서울특별시 동대문구 이문로35길 12, F동 101~4호 (이문동, 래미안라그란데아파트)",35.311309401902086,129.80703161542647,생활/편의,복합쇼핑몰,large_scale_shop_seoul_cleaned.csv
GS THE FRESH 중랑망우점,"서울특별시 중랑구 양원역로 18, 103~106호 (망우동, 중랑숲금호어울림)",35.3502310863125,129.81102824317546,생활/편의,슈퍼마켓,large_scale_shop_seoul_cleaned.csv
홈플러스(주)면목점,서울특별시 중랑구 사가정로 332 (면목동),35.32845672049309,129.7830450991098,생활/편의,대형마트,large_scale_shop_seoul_cleaned.csv
주식회사 이마트 묵동점,서울특별시 중랑구 동일로 932 (묵동),35.32467807151937,129.82429831796935,생활/편의,대형마트,large_scale_shop_seoul_cleaned.csv
홈플러스(주) 서울 상봉점,"서울특별시 망우로 353-0 (상봉동, 프레미어스 엠코)",35.33544204839997,129.80547033651743,생활/편의,대형마트,large_scale_shop_seoul_cleaned.csv
코스트코홀세일 상봉점,서울특별시 중랑구 망우로 336 (상봉동),35.33523864916492,129.80395308769806,생활/편의,대형마트,large_scale_shop_seoul_cleaned.csv
롯데프레시앤델리 봉화산역점,"서울특별시 중랑구 신내로 211, 금강리빙스텔 비01호 (신내동)",35.33662632836897,129.8277535623629,생활/편의,그 밖의 대규모점포,large_scale_shop_seoul_cleaned.csv
GS THE FRESH 신내점,"서울특별시 중랑구 봉화산로56길 153, 대명프라자 (신내동)",35.340360482122215,129.81010759450655,생활/편의,그 밖의 대규모점포,large_scale_shop_seoul_cleaned.csv
동소문스카이상가,"서울특별시 성북구 성북로4길 52 (돈암동, 한신한진아파트)",35.27177969594686,129.79921557409048,생활/편의,그 밖의 대규모점포,large_scale_shop_seoul_cleaned.csv
홈플러스익스프레스 보문점,서울특별시 성북구 보문로 61 (보문동7가),35.2810359955539,129.78240314442365,생활/편의,그 밖의 대규모점포,large_scale_shop_seoul_cleaned.csv
홈플러스익스프레스 길음점,서울특별시 성북구 길음로13길 22 (길음동),35.27811925790328,129.81768869636755,생활/편의,그 밖의 대규모점포,large_scale_shop_seoul_cleaned.csv
이마트 하월곡점,"서울특별시 성북구 종암로 167 (하월곡동, 동일하이빌뉴시티아파트)",35.28792623733968,129.81227024835516,생활/편의,대형마트,large_scale_shop_seoul_cleaned.csv
동소문스카이상가,서울특별시 성북구 성북로4길 52 (돈암동),35.27177969594686,129.79921557409048,생활/편의,복합쇼핑몰,large_scale_shop_seoul_cleaned.csv
이마트 미아점,서울특별시 성북구 도봉로 17 (길음동),35.28675168276885,129.819307699954,생활/편의,대형마트,large_scale_shop_seoul_cleaned.csv
GS더프레시 성북보문점,"서울특별시 성북구 보문사길 111 (보문동6가, 보문파크뷰자이)",35.27868206544046,129.7815540918862,생활/편의,슈퍼마켓,large_scale_shop_seoul_cleaned.csv
새석관시장,서울특별시 성북구 돌곶이로22가길 27,35.30507791098202,129.8167319732164,생활/편의,그 밖의 대규모점포,large_scale_shop_seoul_cleaned.csv
번동시장,서울 성북구 한천로101길 59,35.30092452095758,129.8325691290024,생활/편의,그 밖의 대규모점포,large_scale_shop_seoul_cleaned.csv
현대백화점 미아점,"서울특별시 성북구 동소문로 315 (길음동, 현대백화점미아점)",35.28602548141072,129.81625530045653,생활/편의,백화점,large_scale_shop_seoul_cleaned.csv
이마트 미아점,서울특별시 성북구  도봉로  17 (길음동),35.28675168276885,129.819307699954,생활/편의,대형마트,large_scale_shop_seoul_cleaned.csv
종암우림카이저팰리스주상복합,"서울특별시 성북구 종암로 132 (종암동, 종암우림카이저팰리스)",35.28999669221785,129.80857586186917,생활/편의,그 밖의 대규모점포,large_scale_shop_seoul_cleaned.csv
이마트 미아점,"서울특별시 성북구 도봉로 17, 신세계 이마트 미아점 (길음동)",35.28675168276885,129.819307699954,생활/편의,대형마트,large_scale_shop_seoul_cleaned.csv
이마트 하월곡점,"서울특별시 성북구 종암로 167,  동 (하월곡동)",35.28792623733968,129.81227024835516,생활/편의,대형마트,large_scale_shop_seoul_cleaned.csv
홈플러스 월곡점,"서울특별시 성북구 화랑로 76, 코업스타클래스 (하월곡동)",35.29553066073492,129.80859535722615,생활/편의,대형마트,large_scale_shop_seoul_cleaned.csv
GS더프레시 성북클라시아점,"서울특별시 성북구 숭인로8길 80, 롯데캐슬클라시아 상가 101~104호 (길음동)",35.2838695759249,129.81581557483307,생활/편의,슈퍼마켓,large_scale_shop_seoul_cleaned.csv
GS더프레시 길음뉴타운점,"서울특별시 성북구 길음로 33 (길음동, 길음뉴타운8단지아파트)",35.277479766155366,129.81496519619762,생활/편의,슈퍼마켓,large_scale_shop_seoul_cleaned.csv
이마트에브리데이 길음점,"서울특별시 성북구 길음로7길 6, 길음뉴타운9단지래미안 상가 지하1층 B04~B08호 (길음동)",35.28115024364511,129.81112314004977,생활/편의,그 밖의 대규모점포,large_scale_shop_seoul_cleaned.csv
홈플러스익스프레스 삼선점,서울특별시 성북구 삼선교로 6 (삼선동1가),35.268985844722735,129.79065066222486,생활/편의,그 밖의 대규모점포,large_scale_shop_seoul_cleaned.csv
유타쇼핑몰,서울특별시 성북구 동소문로 106 (동선동1가),35.27729462524481,129.7967201948652,생활/편의,전문점,large_scale_shop_seoul_cleaned.csv
이마트에브리데이 길음점,"서울특별시 성북구 길음로7길 6, 길음뉴타운9단지래미안 상가 지하1층 B04~B08호 (길음동)",35.28115024364511,129.81112314004977,생활/편의,슈퍼마켓,large_scale_shop_seoul_cleaned.csv
수유시장,"서울특별시 강북구 도봉로67길 18, 수유시장 (수유동)",35.28078948454281,129.84339753160037,생활/편의,시장,large_scale_shop_seoul_cleaned.csv
수유중앙시장,"서울특별시 강북구 노해로17길 21, 수유중앙시장 (수유동)",35.27922495590383,129.85500714402772,생활/편의,시장,large_scale_shop_seoul_cleaned.csv
동북프라자,"서울특별시 강북구 솔샘로 233, 동북프라자 (미아동)",35.277792266698256,129.83044587627865,생활/편의,그 밖의 대규모점포,large_scale_shop_seoul_cleaned.csv
(주)농협유통 미아점,서울특별시 강북구 도봉로33길 18 (미아동),35.283846187962936,129.83226865627194,생활/편의,대형마트,large_scale_shop_seoul_cleaned.csv
홈플러스(주)익스프레스미아점,서울특별시 강북구 도봉로 172 (미아동),35.28446961979338,129.83552491878123,생활/편의,슈퍼마켓,large_scale_shop_seoul_cleaned.csv
북부시장,서울특별시 강북구 한천로123길 26 (번동),35.28650912116941,129.85025284503604,생활/편의,시장,large_scale_shop_seoul_cleaned.csv
동북시장,"서울특별시 강북구 솔샘로 233, 동북프라자 (미아동)",35.277792266698256,129.83044587627865,생활/편의,시장,large_scale_shop_seoul_cleaned.csv
우이시장,서울특별시 강북구 노해로23길 68 (수유동),35.277981843764344,129.86184216381713,생활/편의,시장,large_scale_shop_seoul_cleaned.csv
연이스퀘어,서울특별시 강북구 도봉로 52 (미아동),35.28729477611228,129.82279653040845,생활/편의,쇼핑센터,large_scale_shop_seoul_cleaned.csv
수유프라자,"서울특별시 강북구 도봉로 261 (수유동, 삼호아파트,수유프라자)",35.281162333234,129.84452703783813,생활/편의,그 밖의 대규모점포,large_scale_shop_seoul_cleaned.csv
수유프라자,서울특별시 강북구 도봉로 261 (수유동),35.281162333234,129.84452703783813,생활/편의,그 밖의 대규모점포,large_scale_shop_seoul_cleaned.csv
GS THE FRESH 북서울숲점,"서울특별시 강북구 오패산로30길 10, 대지쇼핑프라자 1층 101~104호, 106호~122호 (미아동)",35.29075053282737,129.8228080205606,생활/편의,슈퍼마켓,large_scale_shop_seoul_cleaned.csv
숭인시장,서울특별시 강북구 도봉로 45 (미아동),35.2867282227461,129.8215798257946,생활/편의,그 밖의 대규모점포,large_scale_shop_seoul_cleaned.csv
수유북부시장,서울특별시 강북구 삼양로91길 11-12 (수유동),35.2752175271107,129.84982999300647,생활/편의,그 밖의 대규모점포,large_scale_shop_seoul_cleaned.csv
트레지오,서울특별시 강북구 도봉로 34 (미아동),35.28750206997174,129.82079785835126,생활/편의,복합쇼핑몰,large_scale_shop_seoul_cleaned.csv
강북 북부시장,서울특별시 강북구 한천로123길 26 (번동),35.28650912116941,129.85025284503604,생활/편의,그 밖의 대규모점포,large_scale_shop_seoul_cleaned.csv
(주)이마트에브리데이 미아동점,"서울특별시 강북구 도봉로 157, 112호 (미아동, 두원프라자)",35.28424511481697,129.833711552307,생활/편의,슈퍼마켓,large_scale_shop_seoul_cleaned.csv
금강아미움쇼핑센터,"서울특별시 도봉구 방학로5길 33, 금강아미움파크타운 (쌍문동, 금강아미움파크타운)",35.29196832204359,129.88114550050847,생활/편의,그 밖의 대규모점포,large_scale_shop_seoul_cleaned.csv
(주)이마트에브리데이 창동점,서울특별시 도봉구 도봉로104길 53 (창동),35.290069673227975,129.85921691120194,생활/편의,슈퍼마켓,large_scale_shop_seoul_cleaned.csv
신동아프라자,서울특별시 도봉구 방학로 223 (방학동),35.283235835695265,129.8808638710409,생활/편의,그 밖의 대규모점포,large_scale_shop_seoul_cleaned.csv
대우상가,서울특별시 도봉구 덕릉로63가길 61 (창동),35.29204023915257,129.85793091582272,생활/편의,그 밖의 대규모점포,large_scale_shop_seoul_cleaned.csv
도봉한양프라자,서울특별시 도봉구 마들로 724 (도봉동),35.299150632243865,129.8974370477615,생활/편의,그 밖의 대규모점포,large_scale_shop_seoul_cleaned.csv
(주)에브리데이리테일 창동점,서울특별시 도봉구 도봉로104길 53 (창동),35.290069673227975,129.85921691120194,생활/편의,슈퍼마켓,large_scale_shop_seoul_cleaned.csv
GS THE FRESH 창동점,서울특별시 도봉구 해등로12길 3 (창동),35.29482935015199,129.8718015799738,생활/편의,슈퍼마켓,large_scale_shop_seoul_cleaned.csv
GS THE FRESH 방학신동아점,"서울특별시 도봉구 시루봉로 103-1, 1층 (방학동)",35.283453715353915,129.87923434496187,생활/편의,슈퍼마켓,large_scale_shop_seoul_cleaned.csv
도봉한신쇼핑상가,서울특별시 도봉구 도봉로180나길 41 (도봉동),35.299122406415165,129.91108108747815,생활/편의,복합쇼핑몰,large_scale_shop_seoul_cleaned.csv
(주)지에스리테일 GS슈퍼 노원월계점,서울특별시 노원구 마들로 31 (월계동),35.3174212814128,129.8288668659623,생활/편의,슈퍼마켓,large_scale_shop_seoul_cleaned.csv
롯데프레쉬 창동점,서울특별시 도봉구 도봉로110길 65 (창동),35.291603898798336,129.86291282927172,생활/편의,슈퍼마켓,large_scale_shop_seoul_cleaned.csv
홈플러스(주)방학점,서울특별시 도봉구 도봉로 678 (방학동),35.296313974294065,129.88549272665773,생활/편의,대형마트,large_scale_shop_seoul_cleaned.csv
삼익쇼핑,서울특별시 도봉구 덕릉로57길 30 (창동),35.29190772485029,129.85513334394645,생활/편의,그 밖의 대규모점포,large_scale_shop_seoul_cleaned.csv
(주) 이마트 창동점,서울특별시 도봉구 노해로65길 4 (창동),35.29954031857521,129.86997120162087,생활/편의,복합쇼핑몰,large_scale_shop_seoul_cleaned.csv
(주)에브리데이리테일 창동점,서울특별시 도봉구 도봉로104길 53 (창동),35.290069673227975,129.85921691120194,생활/편의,슈퍼마켓,large_scale_shop_seoul_cleaned.csv
(주)이마트에브리데이 상계역점,"서울특별시 노원구 덕릉로 690, 1층 (중계동)",35.321920409460716,129.87950521842282,생활/편의,슈퍼마켓,large_scale_shop_seoul_cleaned.csv
홈플러스(주)익스프레스 공릉점,서울특별시 노원구 동일로 1101 (공릉동),35.31926740389401,129.84154689577434,생활/편의,슈퍼마켓,large_scale_shop_seoul_cleaned.csv
(주)이마트에브리데이 공릉동점,서울특별시 노원구 노원로1길 67 (공릉동),35.32928137163304,129.83296240420538,생활/편의,슈퍼마켓,large_scale_shop_seoul_cleaned.csv
세이브존,"서울특별시 노원구 한글비석로 57 (하계동, 세이브존)",35.31742866054112,129.85178723203228,생활/편의,그 밖의 대규모점포,large_scale_shop_seoul_cleaned.csv
GS THE FRESH 노원비석로점,"서울특별시 노원구 한글비석로 452, 1층 (상계동)",35.31546131470728,129.88519971372236,생활/편의,슈퍼마켓,large_scale_shop_seoul_cleaned.csv
오피앙,"서울특별시 노원구 동일로 1701 (상계동, 희성오피앙)",35.304707570346785,129.90461653392123,생활/편의,그 밖의 대규모점포,large_scale_shop_seoul_cleaned.csv
이마트타운 월계점,"서울특별시 노원구 마들로3길 15 (월계동, 월계이마트)",35.311809520745925,129.8403026131738,생활/편의,쇼핑센터,large_scale_shop_seoul_cleaned.csv
홈플러스(주) 중계점,서울특별시 노원구 동일로204가길 12 (중계동),35.316803252340485,129.85582757989286,생활/편의,대형마트,large_scale_shop_seoul_cleaned.csv
와우패션클럽,서울특별시 노원구 노해로 507 (상계동),35.31249622622899,129.87448559619796,생활/편의,복합쇼핑몰,large_scale_shop_seoul_cleaned.csv
건영옴니백화점,서울특별시 노원구 섬밭로 258,35.31377348582259,129.8543862910886,생활/편의,백화점,large_scale_shop_seoul_cleaned.csv
노원아이파크 상가,서울특별시 노원구 상계로23다길 13-8 (상계동),35.316652142171115,129.88005909304698,생활/편의,그 밖의 대규모점포,large_scale_shop_seoul_cleaned.csv
유경데파트,"서울특별시 노원구 한글비석로 232 (중계동, 유경데파트)",35.32316313685521,129.86637834271718,생활/편의,그 밖의 대규모점포,large_scale_shop_seoul_cleaned.csv
공릉종합상가,"서울특별시 노원구 동일로180길 14 (공릉동, 공릉종합상가)",35.32265751904479,129.83411246721855,생활/편의,그 밖의 대규모점포,large_scale_shop_seoul_cleaned.csv
상계역전종합상가,서울특별시 노원구 한글비석로 396 (상계동),35.31886493603896,129.88087587028284,생활/편의,쇼핑센터,large_scale_shop_seoul_cleaned.csv
홈플러스(주)익스프레스 중계점,서울특별시 노원구 중계로 225 (중계동),35.32105670806925,129.86807136010088,생활/편의,슈퍼마켓,large_scale_shop_seoul_cleaned.csv
(주)지에스리테일 GS수퍼상계점,서울특별시 노원구 한글비석로 471 (상계동),35.313668166317846,129.8852388711413,생활/편의,슈퍼마켓,large_scale_shop_seoul_cleaned.csv
GS THE FRESH 노원캐슬점,"서울특별시 노원구 덕릉로 753, 노원롯데캐슬시그니처아파트 근린생활시설 2동 16,17호 (상계동)",35.32339703902631,129.88661180520515,생활/편의,슈퍼마켓,large_scale_shop_seoul_cleaned.csv
이천일아울렛 중계점,서울특별시 노원구 동일로204가길 46 (중계동),35.31626910683487,129.85749894581704,생활/편의,복합쇼핑몰,large_scale_shop_seoul_cleaned.csv
롯데마트 중계점,"서울특별시 노원구 노원로 330 (중계동, 롯데마트)",35.31790894709214,129.864867906311,생활/편의,대형마트,large_scale_shop_seoul_cleaned.csv
팜스퀘어,서울특별시 은평구 불광로 20 (대조동),35.20671864056495,129.81517659368163,생활/편의,쇼핑센터,large_scale_shop_seoul_cleaned.csv
응암시장,서울특별시 은평구 응암로 252 (응암동),35.19883844977356,129.79624115626763,생활/편의,그 밖의 대규모점포,large_scale_shop_seoul_cleaned.csv
대호프라자상가,서울특별시 은평구 불광로 90-0 (불광동),35.209645579496,129.82140720877996,생활/편의,복합쇼핑몰,large_scale_shop_seoul_cleaned.csv
홈플러스(주)익스프레스 신사점,서울특별시 은평구 갈현로 10 (신사동),35.19217435744933,129.80148732980038,생활/편의,그 밖의 대규모점포,large_scale_shop_seoul_cleaned.csv
홈플러스 익스프레스 갈현점,서울특별시 은평구 서오릉로 222 (갈현동),35.19119552371893,129.82102275122554,생활/편의,그 밖의 대규모점포,large_scale_shop_seoul_cleaned.csv
범서쇼핑,서울특별시 은평구 통일로 842 (불광동),35.20082665215929,129.82580403210537,생활/편의,쇼핑센터,large_scale_shop_seoul_cleaned.csv
메트로,서울특별시 은평구 통일로 856 (불광동),35.2004636369997,129.8270437036041,생활/편의,쇼핑센터,large_scale_shop_seoul_cleaned.csv
(주)이마트 수색점,서울특별시 은평구 수색로 217 (수색동),35.18340314775244,129.7777016113148,생활/편의,대형마트,large_scale_shop_seoul_cleaned.csv
불광미성상가,서울특별시 은평구 통일로 780 (불광동),35.206023191777895,129.821497963116,생활/편의,그 밖의 대규모점포,large_scale_shop_seoul_cleaned.csv
롯데쇼핑(주) 롯데슈퍼 삼성점,서울특별시 강남구 선릉로 660 (삼성동),35.29949397964359,129.7035065795958,생활/편의,슈퍼마켓,large_scale_shop_seoul_cleaned.csv
롯데쇼핑(주) 롯데슈퍼 역촌점,서울특별시 은평구 진흥로 103 (역촌동),35.201617718546345,129.8105966909648,생활/편의,복합쇼핑몰,large_scale_shop_seoul_cleaned.csv
엔씨백화점 불광점,서울특별시 은평구 불광로 20 (대조동),35.20671864056495,129.81517659368163,생활/편의,쇼핑센터,large_scale_shop_seoul_cleaned.csv
(주)이마트 은평점,서울특별시 은평구 은평로 111 (응암동),35.19997103371313,129.80354263241995,생활/편의,대형마트,large_scale_shop_seoul_cleaned.csv
서부종합시장,서울특별시 은평구 진흥로1길 28 (역촌동),35.198917145870794,129.80669334951932,생활/편의,그 밖의 대규모점포,large_scale_shop_seoul_cleaned.csv
홈플러스(주)익스프레스구산점,서울특별시 은평구 서오릉로 145 (구산동),35.19678631707019,129.81692885170153,생활/편의,그 밖의 대규모점포,large_scale_shop_seoul_cleaned.csv
홈플러스(주)익스프레스응암점,서울특별시 은평구 응암로 247 (응암동),35.19826376963713,129.79605974380524,생활/편의,그 밖의 대규모점포,large_scale_shop_seoul_cleaned.csv
홈플러스(주)익스프레스 불광점,서울특별시 은평구 불광로 121 (불광동),35.209573494569696,129.82495270288047,생활/편의,그 밖의 대규모점포,large_scale_shop_seoul_cleaned.csv
GS THE FRESH 은평가좌점,"서울특별시 은평구 가좌로 331, 1층 (신사동)",35.19073655531015,129.79848325142288,생활/편의,슈퍼마켓,large_scale_shop_seoul_cleaned.csv
롯데몰 은평,"서울특별시 은평구 통일로 1050 (진관동, 롯데몰은평점)",35.197223750012725,129.84867781392808,생활/편의,쇼핑센터,large_scale_shop_seoul_cleaned.csv
유진상가,서울특별시 통일로 484 (유진상가),35.21760038833875,129.79273313774652,생활/편의,시장,large_scale_shop_seoul_cleaned.csv
모래내시장(주),서울특별시 서대문구 수색로2길 45 (남가좌동),35.19738304825975,129.76734941694048,생활/편의,시장,large_scale_shop_seoul_cleaned.csv
현대백화점 신촌점,서울특별시 서대문구 신촌로 83 (창천동),35.21365044537505,129.75014293221005,생활/편의,백화점,large_scale_shop_seoul_cleaned.csv
신촌 밀리오레,서울특별시 서대문구 신촌역로 30 (신촌동),35.2183519285626,129.7547302505263,생활/편의,그 밖의 대규모점포,large_scale_shop_seoul_cleaned.csv
예스에이피엠,서울특별시 서대문구 이화여대1길 10 (대현동),35.22080072992849,129.75218697630555,생활/편의,그 밖의 대규모점포,large_scale_shop_seoul_cleaned.csv
연희슈퍼마켓,서울특별시 서대문구 연희맛로 23 (연희동),35.20840529913346,129.76335762278154,생활/편의,시장,large_scale_shop_seoul_cleaned.csv
홈플러스(주) 익스프레스 북가좌점,서울특별시 서대문구 응암로 112 (북가좌동),35.1952369002751,129.78157618018636,생활/편의,슈퍼마켓,large_scale_shop_seoul_cleaned.csv
롯데슈퍼 유진점(X),"서울특별시 서대문구 통일로 484, 유진상가 (홍제동)",35.217936870931794,129.79322438088056,생활/편의,슈퍼마켓,large_scale_shop_seoul_cleaned.csv
롯데슈퍼 홍제2점,"서울특별시 서대문구 통일로 397, 지4층 (홍제동, 인왕산 한신휴플러스)",35.221991160355515,129.7858214849116,생활/편의,슈퍼마켓,large_scale_shop_seoul_cleaned.csv
롯데슈퍼 유진점,"서울특별시 서대문구 통일로 484, 유진상가 1층 (홍제동)",35.217936870931794,129.79322438088056,생활/편의,슈퍼마켓,large_scale_shop_seoul_cleaned.csv
(주)GS리테일 북가좌점,서울특별시 서대문구 응암로 54 (북가좌동),35.19266176773656,129.77593398717886,생활/편의,복합쇼핑몰,large_scale_shop_seoul_cleaned.csv
이마트에브리데이 명지대점,"서울특별시 서대문구 거북골로 34, 명지대학교 (남가좌동)",35.20284734136605,129.77911283642894,생활/편의,슈퍼마켓,large_scale_shop_seoul_cleaned.csv
DMC금호리첸시아몰,"서울특별시 서대문구 수색로2길 39, B1,1,2층 (남가좌동, DMC금호리첸시아)",35.197173444078146,129.76835453479933,생활/편의,그 밖의 대규모점포,large_scale_shop_seoul_cleaned.csv
롯데프레시 홍은점,서울특별시 서대문구 가좌로 99(홍은동),35.205519535585694,129.78085521759675,생활/편의,슈퍼마켓,large_scale_shop_seoul_cleaned.csv
GS THE FRESH 신촌이대역점,"서울특별시 서대문구 이화여대길 50-12, 상가동 1층 101호 (대현동, 신촌럭키아파트)",35.223164289269164,129.75455268772487,생활/편의,그 밖의 대규모점포,large_scale_shop_seoul_cleaned.csv
이마트에브리데이 홍은점,서울특별시 서대문구 홍은중앙로 89(홍은동),35.22159586380103,129.80266693727492,생활/편의,슈퍼마켓,large_scale_shop_seoul_cleaned.csv
이마트에브리데이 남가좌점,"서울특별시 서대문구 수색로2길 39(남가좌동, DMC금호리첸시아)",35.197173444078146,129.76835453479933,생활/편의,슈퍼마켓,large_scale_shop_seoul_cleaned.csv
AK PLAZA 홍대,서울특별시 마포구 양화로 188 (동교동),35.20473821024348,129.7539574392706,생활/편의,쇼핑센터,large_scale_shop_seoul_cleaned.csv
롯데슈퍼 마포점,서울특별시 마포구 토정로 193 (구수동),35.21137740198575,129.7376386990844,생활/편의,복합쇼핑몰,large_scale_shop_seoul_cleaned.csv
홈플러스익스프레스 연남점,"서울특별시 마포구 연남로 30 (연남동, 코오롱하늘채아파트)",35.2011255484714,129.7598956547468,생활/편의,복합쇼핑몰,large_scale_shop_seoul_cleaned.csv
GS THE FRESH 마포염리점,"서울특별시 마포구 대흥로24길 24, 마포 프레스티지 자이 아파트 단지 내 상가 A동 115~119호 (염리동)",35.22315399098997,129.74658167528062,생활/편의,슈퍼마켓,large_scale_shop_seoul_cleaned.csv
GS THE FRESH 신촌숲아이파크점,"서울특별시 마포구 광성로 17, 상가동 127호 (신수동, 신촌숲아이파크)",35.21261599427326,129.74391155258155,생활/편의,슈퍼마켓,large_scale_shop_seoul_cleaned.csv
GS THE FRESH 홍제해링턴점,"서울특별시 서대문구 세무서8길 30, 32동 1호 (홍제동, 홍제역해링턴플레이스)",35.222812455624606,129.79171182017848,생활/편의,슈퍼마켓,large_scale_shop_seoul_cleaned.csv
스타피카소 아울렛,서울특별시 마포구 양화로 176 (동교동),35.20477213294099,129.7511122220999,생활/편의,전문점,large_scale_shop_seoul_cleaned.csv
마포시장,"서울특별시 마포구 마포대로6길 16, 마포시장 (공덕동)",35.22781367618105,129.73725355628306,생활/편의,시장,large_scale_shop_seoul_cleaned.csv
(주)이마트 마포점,서울특별시 마포구 백범로 212 (신공덕동),35.22792858260633,129.73390206138956,생활/편의,대형마트,large_scale_shop_seoul_cleaned.csv
(주)이마트 마포점,서울특별시 마포구  백범로  212 (신공덕동),35.22792858260633,129.73390206138956,생활/편의,대형마트,large_scale_shop_seoul_cleaned.csv
홈플러스 합정점,"서울특별시 마포구 양화로 45 (서교동, 메세나폴리스)",35.1962074195,129.74320962640013,생활/편의,대형마트,large_scale_shop_seoul_cleaned.csv
공덕시장,서울특별시 마포구 만리재로 19 (공덕동),35.227873896369836,129.73678851561036,생활/편의,시장,large_scale_shop_seoul_cleaned.csv
합정시장,서울특별시 마포구 양화진길 5 (합정동),35.19579384234554,129.7398900954646,생활/편의,시장,large_scale_shop_seoul_cleaned.csv
정도진흥기업(주),서울특별시 마포구  신촌로  94 (노고산동),35.21375590998895,129.74888430565764,생활/편의,그 밖의 대규모점포,large_scale_shop_seoul_cleaned.csv
영진시장,서울특별시 마포구 동교로12길 21 (서교동),35.19526178271998,129.74626505870205,생활/편의,시장,large_scale_shop_seoul_cleaned.csv
신수시장,서울특별시 마포구 토정로17길 17 (신수동),35.21369154568597,129.73707386516372,생활/편의,시장,large_scale_shop_seoul_cleaned.csv
성산프라자(마포영화블렌하임),서울특별시 마포구 월드컵로25길 26 (망원동),35.190055341551755,129.75221287138163,생활/편의,그 밖의 대규모점포,large_scale_shop_seoul_cleaned.csv
YZ Park 홍대점,서울특별시 마포구 양화로 176 (동교동),35.20490071912099,129.75126641587198,생활/편의,전문점,large_scale_shop_seoul_cleaned.csv
홈플러스익스프레스 도화점,"서울특별시 마포구 도화4길 73 (도화동, 현대홈타운)",35.22679904649939,129.72818631371786,생활/편의,그 밖의 대규모점포,large_scale_shop_seoul_cleaned.csv
서교시장,서울특별시 마포구 홍익로3길 20 (서교동),35.20241642124044,129.74656398749246,생활/편의,시장,large_scale_shop_seoul_cleaned.csv
마포종합시장(서강한화오벨리스크),서울특별시 마포구 창전로 45 (창전동),35.21067670172911,129.7383924691623,생활/편의,그 밖의 대규모점포,large_scale_shop_seoul_cleaned.csv
홍대복합역사 상업시설,서울특별시 마포구 와우산로35길 50-4 (동교동),35.20473821024348,129.7539574392706,생활/편의,쇼핑센터,large_scale_shop_seoul_cleaned.csv
롯데프레시 신정점,"서울특별시 양천구 신정로13길 3, 대우미래사랑5차아파트 103~105호 (신정동)",35.14115089274406,129.6913668465262,생활/편의,그 밖의 대규모점포,large_scale_shop_seoul_cleaned.csv
(주)이마트 신월점,서울특별시 양천구 화곡로 59 (신월동),35.12885565303668,129.72745483874658,생활/편의,백화점,large_scale_shop_seoul_cleaned.csv
(주)이마트에브리데이 목동점,"서울특별시 양천구 목동서로 130, 관리동 105호 (목동,목동4단지아파트)",35.16313550623921,129.7190041715045,생활/편의,슈퍼마켓,large_scale_shop_seoul_cleaned.csv
롯데쇼핑(주)롯데슈퍼 신월점,"서울특별시 양천구 월정로46길 11 (신월동,외 1필지)",35.132132693268076,129.72899706403376,생활/편의,슈퍼마켓,large_scale_shop_seoul_cleaned.csv
목동시장아울렛,서울특별시 양천구 목동중앙본로7길 45 (목동),35.158767920352325,129.72765933672014,생활/편의,그 밖의 대규모점포,large_scale_shop_seoul_cleaned.csv
우성상가시장,서울특별시 양천구 지양로 78 (신월동),35.13314845597247,129.7067805862124,생활/편의,시장,large_scale_shop_seoul_cleaned.csv
현대백화점목동점,서울특별시 양천구 목동동로 257 (목동),35.166007599486484,129.7129119041888,생활/편의,백화점,large_scale_shop_seoul_cleaned.csv
행복한백화점,서울특별시 양천구 목동동로 309 (목동),35.16677707048453,129.71600391242075,생활/편의,백화점,large_scale_shop_seoul_cleaned.csv
신정동세양청마루2차상가,서울특별시 양천구 목동남로4길 2 (신정동),35.158139993894665,129.69001927042228,생활/편의,그 밖의 대규모점포,large_scale_shop_seoul_cleaned.csv
홈플러스(주)익스프레스 목동2점,서울특별시 양천구 등촌로 172 (목동),35.155648901156304,129.73470429240822,생활/편의,슈퍼마켓,large_scale_shop_seoul_cleaned.csv
롯데슈퍼 목동2점,"서울특별시 양천구 목동서로 100, 105호 (목동,목동3단지아파트 관리동상가)",35.164152884291695,129.7219922462885,생활/편의,슈퍼마켓,large_scale_shop_seoul_cleaned.csv
홈플러스(주)익스프레스 신정3점,"서울특별시 양천구 목동동로 53, 103~108호 (신정동,굿모닝탑)",35.15494685054879,129.69819629539242,생활/편의,슈퍼마켓,large_scale_shop_seoul_cleaned.csv
신한이모르젠상가,서울특별시 양천구 목동중앙북로 7 (목동),35.157035997361874,129.73962608633275,생활/편의,그 밖의 대규모점포,large_scale_shop_seoul_cleaned.csv
(주)이마트 목동점,서울특별시 양천구 오목로 299 (목동),35.16303862760898,129.71159973374046,생활/편의,대형마트,large_scale_shop_seoul_cleaned.csv
홈플러스(주)익스프레스 신정점,서울특별시 양천구 중앙로 255-1 (신정동),35.148659898196975,129.70300878641183,생활/편의,슈퍼마켓,large_scale_shop_seoul_cleaned.csv
목동에버하임,"서울특별시 양천구 목동중앙북로 68 (목동, 목동에버하임)",35.16203497137392,129.73681634373662,생활/편의,그 밖의 대규모점포,large_scale_shop_seoul_cleaned.csv
(주)이마트에브리데이 목동역점,서울특별시 양천구 목동로 183(신정동),35.157466745279145,129.71018943489648,생활/편의,슈퍼마켓,large_scale_shop_seoul_cleaned.csv
(주)지에스리테일 신정2점,"서울특별시 양천구 목동남로4길 2 (신정동, 세양청마루2차주상복합)",35.158139993894665,129.69001927042228,생활/편의,슈퍼마켓,large_scale_shop_seoul_cleaned.csv
목동에버하임,"서울특별시 양천구 목동중앙북로 68 (목동, 목동에버하임)",35.16203497137392,129.73681634373662,생활/편의,그 밖의 대규모점포,large_scale_shop_seoul_cleaned.csv
홈플러스 익스프레스 오목교점,서울특별시 양천구 목동동로 196(신정동),35.1632425166829,129.7080361455548,생활/편의,슈퍼마켓,large_scale_shop_seoul_cleaned.csv
GS THE FRESH 양천목2동점,서울특별시 양천구 목동중앙본로 95 (목동),35.161682798816074,129.73389980026198,생활/편의,슈퍼마켓,large_scale_shop_seoul_cleaned.csv
노브랜드 강서가양점,서울특별시 강서구 양천로 410 (가양동),35.14236141772546,129.7586833712753,생활/편의,슈퍼마켓,large_scale_shop_seoul_cleaned.csv
노브랜드 강서마곡점,"서울특별시 강서구 마곡서로 101, 동익드미라벨복합빌딩 (마곡동)",35.12416118600077,129.75521817513433,생활/편의,슈퍼마켓,large_scale_shop_seoul_cleaned.csv
(주)이마트에브리데이 화곡동점,"서울특별시 강서구 화곡로 274 (화곡동, 외4필지 크라운뷰 1층 104~109)",35.14354156114062,129.73913438470746,생활/편의,슈퍼마켓,large_scale_shop_seoul_cleaned.csv
홈플러스(주) 강서점,서울특별시 강서구  화곡로  398 (등촌동),35.14925759553254,129.7508022401713,생활/편의,대형마트,large_scale_shop_seoul_cleaned.csv
씨에스유통 (롯데슈퍼화곡2점),서울특별시 강서구 등촌로5길 80 (화곡동),35.153055725099414,129.720060330094,생활/편의,슈퍼마켓,large_scale_shop_seoul_cleaned.csv
삼정프라자,서울특별시 강서구 방화동로 126 (방화동),35.114628453806866,129.76622280321166,생활/편의,그 밖의 대규모점포,large_scale_shop_seoul_cleaned.csv
강서 뉴타워,"서울특별시 강서구 화곡로18길 24 (화곡동, 강서 뉴타워)",35.134161643478045,129.72682833491928,생활/편의,그 밖의 대규모점포,large_scale_shop_seoul_cleaned.csv
롯데쇼핑(주)롯데슈퍼화곡3동점,서울특별시 강서구 강서로 179 (화곡동),35.137141646070816,129.73086697504107,생활/편의,슈퍼마켓,large_scale_shop_seoul_cleaned.csv
송화시장,서울특별시 강서구 강서로 267 (내발산동),35.13429489382249,129.73958519214116,생활/편의,시장,large_scale_shop_seoul_cleaned.csv
(주)지에스리테일 염창점,"서울특별시 강서구 양천로 687, 1층 (염창동)",35.16352176774116,129.74182611655468,생활/편의,슈퍼마켓,large_scale_shop_seoul_cleaned.csv
스페이스프라자,서울특별시 강서구 공항대로71길 49 (염창동),35.16365799565639,129.74040585456763,생활/편의,그 밖의 대규모점포,large_scale_shop_seoul_cleaned.csv
원그로브몰,"서울특별시 강서구 공항대로 165, (마곡동 769 및 769-1)        [마곡지구 특별계획구역 CP4블록] (마곡동)",35.1251365454705,129.75353856379127,생활/편의,쇼핑센터,large_scale_shop_seoul_cleaned.csv
GS THE FRESH 강서증미역점,"서울특별시 강서구 양천로67길 15, 한희빌딩 1층 (염창동)",35.15941707813685,129.74700273485786,생활/편의,슈퍼마켓,large_scale_shop_seoul_cleaned.csv
롯데몰 김포공항,"서울특별시 강서구 하늘길 38 (방화동, 롯데몰 김포공항)",35.10770068800191,129.75759074893276,생활/편의,쇼핑센터,large_scale_shop_seoul_cleaned.csv
롯데쇼핑(주)롯데슈퍼 우장산점,서울특별시 강서구 강서로 267 (내발산동),35.13429489382249,129.73958519214116,생활/편의,슈퍼마켓,large_scale_shop_seoul_cleaned.csv
(주) 이랜드리테일 강서점,서울특별시 강서구 강서로56길 17 (등촌동),35.13755027219166,129.75232379939425,생활/편의,백화점,large_scale_shop_seoul_cleaned.csv
(주)이마트에브리데이 가양역점,"서울특별시 강서구 양천로 476, 금부빌딩 (등촌동)",35.14778325468476,129.75465447656572,생활/편의,슈퍼마켓,large_scale_shop_seoul_cleaned.csv
홈플러스익스프레스 화곡2점,서울특별시 강서구 까치산로 106 (화곡동),35.145006976254145,129.7373823531857,생활/편의,슈퍼마켓,large_scale_shop_seoul_cleaned.csv
이랜드리테일 NC구로점,서울특별시 구로구 구로중앙로 152 (구로동),35.1728831618677,129.68185725048608,생활/편의,복합쇼핑몰,large_scale_shop_seoul_cleaned.csv
LEWEST A관,서울특별시 강서구 마곡중앙로 143 (마곡동),35.12566643486742,129.75922393619834,생활/편의,그 밖의 대규모점포,large_scale_shop_seoul_cleaned.csv
LEWEST B관,"서울특별시 강서구 마곡중앙로 111 (마곡동, 롯데캐슬 르웨스트)",35.125565242289454,129.7564964896726,생활/편의,그 밖의 대규모점포,large_scale_shop_seoul_cleaned.csv
고척산업용품상가,"서울특별시 구로구 중앙로3길 50 (고척동, 고척산업용품종합상가)",35.1553552831095,129.67964540819546,생활/편의,그 밖의 대규모점포,large_scale_shop_seoul_cleaned.csv
사모아종합상가,서울특별시 구로구 구일로10길 93 (구로동),35.16835952426605,129.6752591148545,생활/편의,그 밖의 대규모점포,large_scale_shop_seoul_cleaned.csv
일이삼전자타운,"서울특별시 구로구 경인로 393-7 (고척동, 123전자타운)",35.15728336004147,129.67684079937715,생활/편의,그 밖의 대규모점포,large_scale_shop_seoul_cleaned.csv
중앙유통단지,서울특별시 구로구 경인로53길 15 (구로동),35.16631898167167,129.6813202959861,생활/편의,그 밖의 대규모점포,large_scale_shop_seoul_cleaned.csv
홈플러스(주) 신도림점,"서울특별시 구로구 경인로 661, 신도림1차푸르지오 (신도림동)",35.17657508500798,129.69201405104488,생활/편의,대형마트,large_scale_shop_seoul_cleaned.csv
서울구로기계공구상가,서울특별시 구로구 구로중앙로 198 (구로동),35.17016713664208,129.68544945280436,생활/편의,그 밖의 대규모점포,large_scale_shop_seoul_cleaned.csv
라이프공구상가,서울특별시 구로구 구로중앙로 237 (구로동),35.16678243156372,129.6878268442978,생활/편의,그 밖의 대규모점포,large_scale_shop_seoul_cleaned.csv
고척산업용품상가,"서울특별시 구로구 경인로43길 42 (고척동, 고척산업용품상가)",35.1553552831095,129.67964540819546,생활/편의,복합쇼핑몰,large_scale_shop_seoul_cleaned.csv
개봉프라자,서울특별시 구로구 고척로40길 19 (고척동),35.14764252126939,129.68209426543118,생활/편의,시장,large_scale_shop_seoul_cleaned.csv
고척스카이프라자,서울특별시 구로구 중앙로 64 (고척동),35.15686185948529,129.68455270423905,생활/편의,그 밖의 대규모점포,large_scale_shop_seoul_cleaned.csv
개봉제일시장,서울특별시 구로구 개봉로3길 51 (개봉동),35.14986229255813,129.662625583373,생활/편의,그 밖의 대규모점포,large_scale_shop_seoul_cleaned.csv
(주) 이마트 신도림점,"서울특별시 구로구 새말로 97 (구로동,외 31필지)",35.17868870073981,129.68910039719793,생활/편의,대형마트,large_scale_shop_seoul_cleaned.csv
나인스에비뉴,서울특별시 구로구 구로중앙로 134 (구로동),35.17393005759968,129.68033131425506,생활/편의,그 밖의 대규모점포,large_scale_shop_seoul_cleaned.csv
사모아종합상가,서울특별시 구로구 구일로10길 93 (구로동),35.16835952426605,129.6752591148545,생활/편의,그 밖의 대규모점포,large_scale_shop_seoul_cleaned.csv
신도림 테크노마트,"서울특별시 구로구 새말로 97 (구로동,외 31필지)",35.17868870073981,129.68910039719793,생활/편의,그 밖의 대규모점포,large_scale_shop_seoul_cleaned.csv
(주)이마트 구로점,서울특별시 구로구 디지털로32길 43 (구로동),35.18532518737277,129.66175118882836,생활/편의,대형마트,large_scale_shop_seoul_cleaned.csv
홈플러스 익스프레스 개봉점,"서울특별시 구로구 경인로 319 (개봉동,외 1필지 대림프라자 101호)",35.15126001798962,129.67693998600197,생활/편의,슈퍼마켓,large_scale_shop_seoul_cleaned.csv
홈플러스 익스프레스 서울구로점,"서울특별시  구일로10길 27, B동 1층 (제118호,제119호,제121호~126호)",35.16496385949522,129.67516125618317,생활/편의,슈퍼마켓,large_scale_shop_seoul_cleaned.csv
(주)이마트에브리데이 개봉동점,서울특별시 구로구 개봉로17길 34 (개봉동),35.15008312874108,129.6695846918824,생활/편의,슈퍼마켓,large_scale_shop_seoul_cleaned.csv
홈플러스 익스프레스 서울오류점,"서울특별시 구로구 서해안로 2293 (오류동,외 2필지)",35.138799918347836,129.66902397491816,생활/편의,복합쇼핑몰,large_scale_shop_seoul_cleaned.csv
동국종합상가,서울특별시 구로구 중앙로3길 49 (고척동),35.15628000778922,129.67825031048676,생활/편의,그 밖의 대규모점포,large_scale_shop_seoul_cleaned.csv
공구상가일번지관리단,서울특별시 구로구 경인로54길 4 (구로동),35.168970593363774,129.68105581678515,생활/편의,복합쇼핑몰,large_scale_shop_seoul_cleaned.csv
일이삼전자타운,서울특별시 구로구 경인로 393-7 (고척동),35.15728336004147,129.67684079937715,생활/편의,복합쇼핑몰,large_scale_shop_seoul_cleaned.csv
롯데캐슬 골드파크 4차 마르쉐도르 960,"서울특별시 금천구 시흥대로 315, 금천롯데캐슬골드파크4차 (독산동)",35.18502467650642,129.63341598925837,생활/편의,그 밖의 대규모점포,large_scale_shop_seoul_cleaned.csv
럭키남서울상가,서울특별시 금천구 시흥대로47길 43 (시흥동),35.18734886501546,129.62048795705607,생활/편의,그 밖의 대규모점포,large_scale_shop_seoul_cleaned.csv
시흥중앙철재상가,서울특별시 금천구 시흥대로 46 (시흥동),35.19096409294896,129.6050112193349,생활/편의,그 밖의 대규모점포,large_scale_shop_seoul_cleaned.csv
시흥산업용재유통센타,서울특별시 금천구 시흥대로 109 (시흥동),35.190741441368566,129.6127571952461,생활/편의,그 밖의 대규모점포,large_scale_shop_seoul_cleaned.csv
유창상가,서울특별시 금천구 범안로 1209 (독산동),35.18461995810632,129.6403142502284,생활/편의,그 밖의 대규모점포,large_scale_shop_seoul_cleaned.csv
대명합동시장,서울특별시 금천구 시흥대로52길 70 (시흥동),35.189175617015046,129.62534070941317,생활/편의,시장,large_scale_shop_seoul_cleaned.csv
홈플러스(주) 금천점,"서울특별시 금천구 시흥대로 391, 홈플러스 금천점 (독산동)",35.18491040243153,129.64265820658647,생활/편의,대형마트,large_scale_shop_seoul_cleaned.csv
홈플러스 주식회사,"서울특별시 금천구 시흥대로 201, 홈플러스테스테스코(주)시흥점 (시흥동)",35.18844258926549,129.6223226113404,생활/편의,대형마트,large_scale_shop_seoul_cleaned.csv
마리오아울렛 1관,서울특별시 금천구 디지털로 185 (가산동),35.176857191560856,129.65398445867388,생활/편의,쇼핑센터,large_scale_shop_seoul_cleaned.csv
롯데캐슬 골드파크 2차 마르쉐도르,"서울특별시 금천구 벚꽃로 30 (독산동, 금천롯데캐슬골드파크2차)",35.18300749249208,129.6298768804981,생활/편의,그 밖의 대규모점포,large_scale_shop_seoul_cleaned.csv
시티렉스,서울특별시 금천구 시흥대로 399 (독산동),35.1853336725154,129.64355167824093,생활/편의,쇼핑센터,large_scale_shop_seoul_cleaned.csv
푸른터시장,서울특별시 금천구 남부순환로120길 23 (독산동),35.18827134687091,129.6541866342531,생활/편의,시장,large_scale_shop_seoul_cleaned.csv
시흥산업용재유통센터,"서울특별시 금천구 시흥대로 97 (시흥동, 시흥유통상가)",35.18933316721798,129.61191218924583,생활/편의,그 밖의 대규모점포,large_scale_shop_seoul_cleaned.csv
홈플러스 시흥점,서울특별시 금천구 시흥대로 201 (시흥동),35.18844258926549,129.6223226113404,생활/편의,대형마트,large_scale_shop_seoul_cleaned.csv
홈플러스(주)익스프레스 가산점,서울특별시 금천구 가산로 106 (가산동),35.18219356659235,129.6508724144631,생활/편의,슈퍼마켓,large_scale_shop_seoul_cleaned.csv
마리오아울렛 3관,서울특별시 금천구 벚꽃로 266 (가산동),35.17519760776263,129.65425825248744,생활/편의,쇼핑센터,large_scale_shop_seoul_cleaned.csv
현대아울렛,서울특별시 금천구 디지털로10길 9 (가산동),35.17846017989438,129.65329514740773,생활/편의,쇼핑센터,large_scale_shop_seoul_cleaned.csv
가산퍼블릭 상업시설,서울특별시 금천구 디지털로 178 (가산동),35.17678293426254,129.65214075154103,생활/편의,그 밖의 대규모점포,large_scale_shop_seoul_cleaned.csv
롯데쇼핑(주) 롯데마트 금천점,"서울특별시 금천구 시흥대로 291(독산동, 금천롯데캐슬골드파크3차)",35.185400978422535,129.63206085199445,생활/편의,쇼핑센터,large_scale_shop_seoul_cleaned.csv
시흥중앙시장,서울특별시 금천구 금하로 705 (시흥동),35.19448799075267,129.62217911616915,생활/편의,그 밖의 대규모점포,large_scale_shop_seoul_cleaned.csv
삼성테스코(주)홈플러스 금천점,서울특별시 금천구 시흥대로 391 (독산동),35.18491040243153,129.64265820658647,생활/편의,대형마트,large_scale_shop_seoul_cleaned.csv
삼성테스코(주)홈플러스 금천점,서울특별시 금천구 시흥대로 391 (독산동),35.18491040243153,129.64265820658647,생활/편의,대형마트,large_scale_shop_seoul_cleaned.csv
(주)이마트에브리데이 신풍역점,"서울특별시 영등포구 신풍로 28, B137호 (신길동, 비스타동원)",35.193922297183086,129.68058778011073,생활/편의,슈퍼마켓,large_scale_shop_seoul_cleaned.csv
홈플러스(주) 영등포점,서울특별시 영등포구  당산로  42 (문래동3가),35.18285835574914,129.70293854901757,생활/편의,대형마트,large_scale_shop_seoul_cleaned.csv
로데오 왁,서울특별시 영등포구 당산로 34 (문래동3가),35.18211949229157,129.7015735273882,생활/편의,전문점,large_scale_shop_seoul_cleaned.csv
코스트코 홀세일,서울특별시 영등포구 선유로 156 (양평동3가),35.17970542245296,129.71458690394547,생활/편의,대형마트,large_scale_shop_seoul_cleaned.csv
영신상가,서울특별시 영등포구 영등포로 225 (영등포동5가),35.1914715922163,129.7052427987384,생활/편의,그 밖의 대규모점포,large_scale_shop_seoul_cleaned.csv
롯데백화점 영등포점,서울특별시 영등포구 경인로 846 (영등포동),35.192031321622174,129.70042429142248,생활/편의,백화점,large_scale_shop_seoul_cleaned.csv
코스트코홀세일,서울특별시 영등포구 선유로 156 (양평동3가),35.17970542245296,129.71458690394547,생활/편의,그 밖의 대규모점포,large_scale_shop_seoul_cleaned.csv
대신시장,서울특별시 영등포구 도신로60길 7 (신길동),35.20028745047857,129.6947834572704,생활/편의,그 밖의 대규모점포,large_scale_shop_seoul_cleaned.csv
두암종합시장,서울특별시 영등포구 대림로29길 13 (대림동),35.18516586586533,129.67508020151806,생활/편의,그 밖의 대규모점포,large_scale_shop_seoul_cleaned.csv
동남시장,서울특별시 영등포구 영등포로37길 4 (영등포동5가),35.190549410135716,129.7060728393949,생활/편의,그 밖의 대규모점포,large_scale_shop_seoul_cleaned.csv
영등포유통상가,서울특별시 영등포구 영등포로 109 (당산동2가),35.181178469763815,129.70805996208748,생활/편의,그 밖의 대규모점포,large_scale_shop_seoul_cleaned.csv
롯데쇼핑(주) 롯데마트 양평점,서울특별시 영등포구 선유로 138 (양평동3가),35.17924929794647,129.71235076910358,생활/편의,대형마트,large_scale_shop_seoul_cleaned.csv
아이에프씨몰(IFC Mall),서울특별시 영등포구 국제금융로 10 (여의도동),35.206060879294526,129.71190640188695,생활/편의,복합쇼핑몰,large_scale_shop_seoul_cleaned.csv
룩스쇼핑센터,"서울특별시 영등포구 문래로 164, 영등포 SK 리더스뷰 (문래동3가)",35.18610093754372,129.7022817132724,생활/편의,전문점,large_scale_shop_seoul_cleaned.csv
신세계 이마트 여의도점,"서울특별시 영등포구 여의동로3길 10 (여의도동,여의도자이(아) 지하 1층)",35.20684206077227,129.70363892114577,생활/편의,대형마트,large_scale_shop_seoul_cleaned.csv
타임스퀘어,서울특별시 영등포구 영중로 15 (영등포동4가),35.188792082526994,129.70172462313505,생활/편의,쇼핑센터,large_scale_shop_seoul_cleaned.csv
롯데슈퍼 대림점,서울특별시 영등포구 대림로 251 (대림동),35.18318957886401,129.68478297753882,생활/편의,슈퍼마켓,large_scale_shop_seoul_cleaned.csv
홈플러스(주) 익스프레스 신길점,서울특별시 영등포구 여의대방로 65 (신길동),35.197345600000254,129.67777723906912,생활/편의,슈퍼마켓,large_scale_shop_seoul_cleaned.csv
두암상가,"서울특별시 영등포구 대림로29길 13 (대림동, 대림동 쌍용 플래티넘-S)",35.18516586586533,129.67508020151806,생활/편의,그 밖의 대규모점포,large_scale_shop_seoul_cleaned.csv
(주)신세계 타임스퀘어점,"서울특별시 영등포구 영중로 9 (영등포동4가, 신세계백화점)",35.19055824659665,129.70189564593193,생활/편의,백화점,large_scale_shop_seoul_cleaned.csv
(주)이마트 여의도점,서울특별시 영등포구 여의동로3길 10 (여의도동),35.20684206077227,129.70363892114577,생활/편의,대형마트,large_scale_shop_seoul_cleaned.csv
홈플러스(주) 익스프레스 도림점,서울특별시 영등포구 도신로 75 (도림동),35.18701982559236,129.68909321396842,생활/편의,슈퍼마켓,large_scale_shop_seoul_cleaned.csv
홈플러스(주) 익스프레스 신길3점,서울특별시 영등포구 가마산로69가길 12 (신길동),35.194051194963215,129.68858047749026,생활/편의,슈퍼마켓,large_scale_shop_seoul_cleaned.csv
홈플러스(주) 익스프레스 신길2점,서울특별시 영등포구 영등포로 364 (신길동),35.20082652911762,129.69851792879098,생활/편의,슈퍼마켓,large_scale_shop_seoul_cleaned.csv
THE HYUNDAI SEOUL,서울특별시 영등포구 여의대로 108 (여의도동),35.208418207767984,129.71328810014523,생활/편의,백화점,large_scale_shop_seoul_cleaned.csv
GS THE FRESH 신길사러가점,"서울특별시 영등포구 신길로 162, 1층 일부 (신길동)",35.19559148270656,129.6892787090216,생활/편의,슈퍼마켓,large_scale_shop_seoul_cleaned.csv
영등포 중흥 에스클래스,"서울특별시 영등포구 선유서로24길 6 (양평동1가, 영등포 중흥 S-CLASS)",35.17504355077452,129.70898871999788,생활/편의,그 밖의 대규모점포,large_scale_shop_seoul_cleaned.csv
롯데쇼핑(주) 롯데마트맥스 영등포점,서울특별시 영등포구 영중로 125 (영등포동8가),35.18956513765293,129.71482203335637,생활/편의,슈퍼마켓,large_scale_shop_seoul_cleaned.csv
대림쇼핑타운,서울특별시 동작구 여의대방로 250,35.20606030835491,129.6903606423993,생활/편의,시장,large_scale_shop_seoul_cleaned.csv
홈플러스(주) 익스프레스 남성점,서울특별시 동작구 사당로 215 (사당동),35.24480169461705,129.6637399974561,생활/편의,복합쇼핑몰,large_scale_shop_seoul_cleaned.csv
GS THE FRESH 문래점,"서울특별시 영등포구 문래북로 8, 1층 101~106호 (문래동6가)",35.17463626735883,129.70647511904937,생활/편의,슈퍼마켓,large_scale_shop_seoul_cleaned.csv
해가든프라자,서울특별시 동작구 서달로 150 (흑석동),35.235911476916435,129.69055823030763,생활/편의,그 밖의 대규모점포,large_scale_shop_seoul_cleaned.csv
성대종합시장,"서울특별시 동작구 상도로 102 (상도동, 성대시장)",35.211867076775526,129.6816073269962,생활/편의,그 밖의 대규모점포,large_scale_shop_seoul_cleaned.csv
(주)이마트에브리데이 대방동점,서울특별시 동작구 상도로 81 (대방동),35.2100929800414,129.68148702960488,생활/편의,복합쇼핑몰,large_scale_shop_seoul_cleaned.csv
(주)이마트에브리데이 이수점,"서울특별시 동작구 사당로 300 (사당동, 이수자이)",35.25105592971492,129.6639481323631,생활/편의,복합쇼핑몰,large_scale_shop_seoul_cleaned.csv
(주)이마트에브리데이 상도동점,서울특별시 동작구 상도로31길 19 (상도동),35.221309654967015,129.68927862258576,생활/편의,그 밖의 대규모점포,large_scale_shop_seoul_cleaned.csv
(주)이마트에브리데이 사당동점,"서울특별시 동작구 동작대로29길 110 (사당동, 신동아아파트)",35.24731423410845,129.6701738049378,생활/편의,그 밖의 대규모점포,large_scale_shop_seoul_cleaned.csv
(주)홈플러스 대방점,서울특별시 동작구 노량진로 4 (대방동),35.20700085229708,129.69660809647596,생활/편의,그 밖의 대규모점포,large_scale_shop_seoul_cleaned.csv
홈플러스 익스프레스 상도2점,서울특별시 동작구 만양로 26 (상도동),35.22601542168716,129.6908486113515,생활/편의,슈퍼마켓,large_scale_shop_seoul_cleaned.csv
홈플러스 익스프레스 상도3점,서울특별시 동작구  양녕로  170 (상도동),35.221357347352686,129.67809422154818,생활/편의,슈퍼마켓,large_scale_shop_seoul_cleaned.csv
GS THE FRESH 동작구청점,"서울특별시 동작구 상도로30길 40, 판매/근생시설동 1층 125~131호 (상도동, 상도2차두산위브트레지움아파트)",35.220530780372606,129.68666461154103,생활/편의,슈퍼마켓,large_scale_shop_seoul_cleaned.csv
GS더프레시 동작상도점,"서울특별시 동작구 상도로 346-1 (상도동, 상도엠코타운 센트럴파크)",35.227201884022314,129.67655710413527,생활/편의,슈퍼마켓,large_scale_shop_seoul_cleaned.csv
신림중앙시장,서울특별시 관악구 조원로16길 27 (신림동),35.19610984694954,129.66070258137214,생활/편의,시장,large_scale_shop_seoul_cleaned.csv
GS THE FRESH 관악청림점,"서울특별시 관악구 청림6길 3, 관악푸르지오 상가동 110,113,114호 (봉천동)",35.23460278389602,129.6672724390479,생활/편의,슈퍼마켓,large_scale_shop_seoul_cleaned.csv
일성트루엘상가,서울특별시 관악구 신림로23길 16 (신림동),35.21481438354353,129.6457078192846,생활/편의,그 밖의 대규모점포,large_scale_shop_seoul_cleaned.csv
우림시장,서울특별시 관악구 난곡로26길 4 (신림동),35.20363109015829,129.64519084215542,생활/편의,그 밖의 대규모점포,large_scale_shop_seoul_cleaned.csv
관악쇼핑,서울특별시 관악구 청림3길 10 (봉천동),35.23423762565346,129.66853152317435,생활/편의,그 밖의 대규모점포,large_scale_shop_seoul_cleaned.csv
원당종합시장,서울특별시 관악구 남부순환로248길 35 (봉천동),35.23971263043657,129.65136055163362,생활/편의,그 밖의 대규모점포,large_scale_shop_seoul_cleaned.csv
홈플러스 익스프레스 봉천점,서울특별시 관악구 양녕로 46 (봉천동),35.224645434282095,129.66519515962062,생활/편의,슈퍼마켓,large_scale_shop_seoul_cleaned.csv
(주)이마트에브리데이 봉천동점,서울특별시 관악구 은천로 51 (봉천동),35.22010500145693,129.66519300275033,생활/편의,슈퍼마켓,large_scale_shop_seoul_cleaned.csv
(주)천성세이브마트,서울특별시 관악구 난곡로 220 (신림동),35.20155683668163,129.65005120107324,생활/편의,그 밖의 대규모점포,large_scale_shop_seoul_cleaned.csv
홈플러스 서울남현점,서울특별시 관악구 과천대로 909 (남현동),35.2529511902308,129.64821778313623,생활/편의,대형마트,large_scale_shop_seoul_cleaned.csv
타임스트림,서울특별시 관악구 신림로 330 (신림동),35.21102241256085,129.66193577511646,생활/편의,복합쇼핑몰,large_scale_shop_seoul_cleaned.csv
GS THE FRESH 낙성대점,서울특별시 관악구 봉천로 576 (봉천동),35.23593812978593,129.65433441807602,생활/편의,슈퍼마켓,large_scale_shop_seoul_cleaned.csv
GS THE FRESH 관악점,서울특별시 관악구 쑥고개로 111 (봉천동),35.22624530079287,129.65682320392747,생활/편의,슈퍼마켓,large_scale_shop_seoul_cleaned.csv
봉일시장,서울특별시 관악구 은천로 28 봉일프라자,35.21755734059975,129.66462259161045,생활/편의,그 밖의 대규모점포,large_scale_shop_seoul_cleaned.csv
봉천현대시장,서울특별시 관악구 양녕로 49 (봉천동),35.22401783657325,129.66575442032288,생활/편의,시장,large_scale_shop_seoul_cleaned.csv
(주)지에스리테일 송파2점,서울특별시 송파구 오금로32길 32 (송파동),35.36065239186788,129.69099261964757,생활/편의,슈퍼마켓,large_scale_shop_seoul_cleaned.csv
관악프라자,서울특별시 관악구 관악로 212 (봉천동),35.23091706141758,129.6623040942938,생활/편의,쇼핑센터,large_scale_shop_seoul_cleaned.csv
관악현대상가,서울특별시 관악구 관악로40길 47 (봉천동),35.23333634378616,129.6729237950139,생활/편의,그 밖의 대규모점포,large_scale_shop_seoul_cleaned.csv
신림현대종합상가,서울특별시 관악구 신림로29길 8 (신림동),35.21308836927139,129.65136004151532,생활/편의,시장,large_scale_shop_seoul_cleaned.csv
르네상스쇼핑몰(주),서울특별시 관악구 신림로 340 (신림동),35.21092903679176,129.66306981896943,생활/편의,복합쇼핑몰,large_scale_shop_seoul_cleaned.csv
라붐아울렛,서울특별시 관악구 남부순환로 1820 (봉천동),35.22864284289353,129.6590732654843,생활/편의,복합쇼핑몰,large_scale_shop_seoul_cleaned.csv
GS THE FRESH 관악은천점,"서울특별시 관악구 국회단지길 7, 1층 (봉천동)",35.21814468980866,129.6655964030257,생활/편의,슈퍼마켓,large_scale_shop_seoul_cleaned.csv
롯데쇼핑(주)롯데슈퍼 방배점,서울특별시 서초구 방배중앙로 198 (방배동),35.25484519373682,129.6792783701289,생활/편의,쇼핑센터,large_scale_shop_seoul_cleaned.csv
롯데슈퍼 방배2점,서울특별시 방배로33길 29,35.25791208807828,129.6725057175319,생활/편의,슈퍼마켓,large_scale_shop_seoul_cleaned.csv
엘루체,서울특별시 서초구 신반포로 23 (반포동),35.255895434973155,129.6852127713447,생활/편의,그 밖의 대규모점포,large_scale_shop_seoul_cleaned.csv
무지개쇼핑,서울특별시 서초구 사임당로 151 (서초동),35.28697918172791,129.67480399548057,생활/편의,그 밖의 대규모점포,large_scale_shop_seoul_cleaned.csv
국제전자도매센타,서울특별시 서초구 효령로 304 (서초동),35.28075251240737,129.6652982721983,생활/편의,전문점,large_scale_shop_seoul_cleaned.csv
반포프라자,서울특별시 서초구 신반포로3길 8 (반포동),35.25574464325766,129.68564336210548,생활/편의,그 밖의 대규모점포,large_scale_shop_seoul_cleaned.csv
신동아종합상가,서울특별시 서초구 사임당로 130 (서초동),35.28598359800695,129.67242590339137,생활/편의,그 밖의 대규모점포,large_scale_shop_seoul_cleaned.csv
방배종합시장,서울특별시 서초구 방배천로16길 18 (방배동),35.25373565235583,129.66104841871103,생활/편의,그 밖의 대규모점포,large_scale_shop_seoul_cleaned.csv
신반포종합시장,서울특별시 서초구 신반포로15길 29 (반포동),35.26170874965855,129.68988535828535,생활/편의,그 밖의 대규모점포,large_scale_shop_seoul_cleaned.csv
신사쇼핑,서울특별시 서초구 나루터로 37 (잠원동),35.27746260843752,129.703502591861,생활/편의,그 밖의 대규모점포,large_scale_shop_seoul_cleaned.csv
대림서초리시온,서울특별시 서초구 서초중앙로22길 25 (서초동),35.27866298664027,129.67587632271847,생활/편의,그 밖의 대규모점포,large_scale_shop_seoul_cleaned.csv
아크로비스타 아케이드,서울특별시 서초구 서초중앙로 188 (서초동),35.27684211772502,129.68157976246985,생활/편의,그 밖의 대규모점포,large_scale_shop_seoul_cleaned.csv
하이브랜드,서울특별시 서초구 매헌로 16 (양재동),35.2966574138183,129.6397864958041,생활/편의,그 밖의 대규모점포,large_scale_shop_seoul_cleaned.csv
교보타워 지하아케이드,서울특별시 서초구 강남대로 465 (서초동),35.28525380576217,129.68866030618597,생활/편의,전문점,large_scale_shop_seoul_cleaned.csv
이수시장,서울특별시 서초구 방배로33길 29 (방배동),35.25791208807828,129.6725057175319,생활/편의,그 밖의 대규모점포,large_scale_shop_seoul_cleaned.csv
코스트코코리아,서울특별시 서초구 양재대로 159 (양재동),35.29596557080841,129.6380942406777,생활/편의,대형마트,large_scale_shop_seoul_cleaned.csv
뉴코아아울렛,서울특별시 서초구 잠원로 51 (잠원동),35.27175761364203,129.69506670997413,생활/편의,전문점,large_scale_shop_seoul_cleaned.csv
반포프라자,서울특별시 서초구 신반포로3길 8 (반포동),35.25574464325766,129.68564336210548,생활/편의,그 밖의 대규모점포,large_scale_shop_seoul_cleaned.csv
무지개종합상가,"서울특별시 서초구 효령로 391 (서초동, 무지개아파트)",35.287331628534,129.67081523115365,생활/편의,그 밖의 대규모점포,large_scale_shop_seoul_cleaned.csv
터미널상가,서울특별시 서초구 신반포로 194 (반포동),35.27166603104277,129.69033353225703,생활/편의,그 밖의 대규모점포,large_scale_shop_seoul_cleaned.csv
(주)이마트 양재점,"서울특별시 서초구 매헌로 16 (양재동,하이브랜드 지하1층)",35.2966574138183,129.6397864958041,생활/편의,대형마트,large_scale_shop_seoul_cleaned.csv
서초쇼핑,서울특별시 서초구 고무래로 90-7 (서초동),35.28008139007271,129.68382046365426,생활/편의,그 밖의 대규모점포,large_scale_shop_seoul_cleaned.csv
한양스토아,서울특별시 서초구 서초중앙로 220 (반포동),35.276686790283506,129.68572200819227,생활/편의,그 밖의 대규모점포,large_scale_shop_seoul_cleaned.csv
신세계백화점 강남점,서울특별시 서초구 신반포로 176 (반포동),35.268957604961386,129.68883608698536,생활/편의,대형마트,large_scale_shop_seoul_cleaned.csv
GS THE FRESH 압구정점,"서울특별시 강남구 압구정로 312, 1층 (신사동)",35.29367288298358,129.71941277275803,생활/편의,슈퍼마켓,large_scale_shop_seoul_cleaned.csv
이마트에브리데이 강남시장점,"서울특별시 강남구 압구정로2길 46, 1층 (신사동, ---------)",35.282134323904565,129.70684446494684,생활/편의,슈퍼마켓,large_scale_shop_seoul_cleaned.csv
신사상가,서울특별시 강남구 압구정로29길 72-1 (압구정동),35.287912178019,129.72352080488142,생활/편의,그 밖의 대규모점포,large_scale_shop_seoul_cleaned.csv
롯데백화점 잠실점,서울특별시 송파구 올림픽로 240 (잠실동),35.343846853849165,129.69981372943369,생활/편의,백화점,large_scale_shop_seoul_cleaned.csv
갤러리아백화점(동관),"서울특별시 강남구 압구정로 407 (압구정동, 갤러리아백화점)",35.29851099540708,129.71875148369102,생활/편의,백화점,large_scale_shop_seoul_cleaned.csv
청담삼익시장,서울특별시 강남구 학동로101길 26 (청담동),35.311538195871904,129.71214956032898,생활/편의,그 밖의 대규모점포,large_scale_shop_seoul_cleaned.csv
그랑프리,"서울특별시 강남구 남부순환로 2912 (대치동, 개포우성아파트)",35.312017567222455,129.67377701423223,생활/편의,그 밖의 대규모점포,large_scale_shop_seoul_cleaned.csv
청실종합상가,서울특별시 강남구 남부순환로 2917 (대치동),35.31341546401797,129.67664156638443,생활/편의,그 밖의 대규모점포,large_scale_shop_seoul_cleaned.csv
대치종합상가,서울특별시 강남구 삼성로64길 41 (대치동),35.31683597455104,129.68634118759812,생활/편의,그 밖의 대규모점포,large_scale_shop_seoul_cleaned.csv
대치1단지상가,"서울특별시 강남구 개포로109길 5 (개포동, 대청아파트)",35.326236544058396,129.67833983359918,생활/편의,그 밖의 대규모점포,large_scale_shop_seoul_cleaned.csv
대치2단지상가,"서울특별시 강남구 개포로109길 21 (개포동, 대청아파트)",35.326236544058396,129.67833983359918,생활/편의,그 밖의 대규모점포,large_scale_shop_seoul_cleaned.csv
롯데백화점(강남점),서울특별시 강남구 도곡로 401 (대치동),35.308942323674415,129.6812605804717,생활/편의,백화점,large_scale_shop_seoul_cleaned.csv
도심공항몰(CALT MALL),서울특별시 강남구 테헤란로87길 22-0 (삼성동),35.31311672175651,129.69669222877937,생활/편의,쇼핑센터,large_scale_shop_seoul_cleaned.csv
점프밀라노,"서울특별시 강남구 강남대로 432 (역삼동, 점프밀라노)",35.287239657199926,129.68566796908345,생활/편의,그 밖의 대규모점포,large_scale_shop_seoul_cleaned.csv
노브랜드 삼성점,"서울특별시 강남구 삼성로 633, 1층 (삼성동, 삼광빌딩)",35.306489742833925,129.70483849776187,생활/편의,슈퍼마켓,large_scale_shop_seoul_cleaned.csv
웨스틴 서울 파르나스 아케이드,서울특별시 강남구 봉은사로 524 (삼성동),35.31267351573387,129.70025174885353,생활/편의,쇼핑센터,large_scale_shop_seoul_cleaned.csv
파르나스몰(PARNAS MALL),서울특별시 강남구 테헤란로 521 (삼성동),35.31442076646581,129.69607350200874,생활/편의,쇼핑센터,large_scale_shop_seoul_cleaned.csv
코엑스 몰,서울특별시 강남구 영동대로 513 (삼성동),35.31462235615774,129.6977275539432,생활/편의,복합쇼핑몰,large_scale_shop_seoul_cleaned.csv
금강상가,서울특별시 압구정로 201 (구현대아파트),35.28838085043933,129.72066849560522,생활/편의,그 밖의 대규모점포,large_scale_shop_seoul_cleaned.csv
남서울종합시장,서울특별시 강남구 남부순환로 2921 (대치동),35.3138992677031,129.67721632731886,생활/편의,그 밖의 대규모점포,large_scale_shop_seoul_cleaned.csv
(주)이마트 역삼점,서울특별시 강남구 역삼로 310 (역삼동),35.304779270779015,129.68375449958856,생활/편의,대형마트,large_scale_shop_seoul_cleaned.csv
논현웰스톤상가,서울특별시 강남구 학동로43길 38 (논현동),35.2959613234563,129.70692108950354,생활/편의,그 밖의 대규모점포,large_scale_shop_seoul_cleaned.csv
아카데미프라자,"서울특별시 강남구 남부순환로 2804 (도곡동, 아카데미스위트)",35.30798567092415,129.67099830039757,생활/편의,그 밖의 대규모점포,large_scale_shop_seoul_cleaned.csv
삼성동 신도브래뉴 주상복합 상가,서울특별시 강남구 삼성로103길 12 (삼성동),35.308423709702744,129.69750624433948,생활/편의,그 밖의 대규모점포,large_scale_shop_seoul_cleaned.csv
영동전통시장,"서울특별시 강남구 강남대로124길 22, 3층 301호 (논현동)",35.28476869751805,129.69616859867244,생활/편의,그 밖의 대규모점포,large_scale_shop_seoul_cleaned.csv
동화상가(주),서울특별시 강남구 학동로4길 15 (논현동),35.28463221358076,129.6968806919142,생활/편의,그 밖의 대규모점포,large_scale_shop_seoul_cleaned.csv
홈플러스익스프레스 학동역점,서울특별시 강남구 학동로 176 (논현동),35.28985829198965,129.70070409298714,생활/편의,슈퍼마켓,large_scale_shop_seoul_cleaned.csv
한보종합상가,"서울특별시 강남구 삼성로 150 (대치동, 한보미도맨션)",35.319996137452655,129.6771623115202,생활/편의,그 밖의 대규모점포,large_scale_shop_seoul_cleaned.csv
한솔필리아,서울특별시 강남구 역삼로 310 (역삼동),35.304779270779015,129.68375449958856,생활/편의,그 밖의 대규모점포,large_scale_shop_seoul_cleaned.csv
강남시장,서울특별시 강남구 압구정로2길 46 (신사동),35.282134323904565,129.70684446494684,생활/편의,복합쇼핑몰,large_scale_shop_seoul_cleaned.csv
논현종합시장,서울특별시 강남구 봉은사로33길 33 (논현동),35.29360520914514,129.69655406485728,생활/편의,그 밖의 대규모점포,large_scale_shop_seoul_cleaned.csv
두산아케이드,"서울특별시 강남구 언주로 726 (논현동, 두산빌딩)",35.293769843944894,129.70760638295647,생활/편의,그 밖의 대규모점포,large_scale_shop_seoul_cleaned.csv
수서1-2단지상가,"서울특별시 강남구 양재대로55길 6 (일원동, 도시개발아파트)",35.336817592402255,129.67522505070795,생활/편의,그 밖의 대규모점포,large_scale_shop_seoul_cleaned.csv
(주)현대백화점 본점,"서울특별시 강남구 압구정로 165 (압구정동, 현대백화점본점)",35.287311232668465,129.71746172358462,생활/편의,백화점,large_scale_shop_seoul_cleaned.csv
현대백화점 무역센터점,"서울특별시 강남구 테헤란로 517 (삼성동, 무역센터현대백화점)",35.31349853056671,129.6954901019193,생활/편의,백화점,large_scale_shop_seoul_cleaned.csv
갤러리아백화점(서관),"서울특별시 강남구 압구정로 343 (압구정동, 갤러리아백화점)",35.29729216266101,129.71929708910673,생활/편의,백화점,large_scale_shop_seoul_cleaned.csv
홈플러스 익스프레스 압구정점,서울특별시 강남구 압구정로46길 5-2 (신사동),35.29478894351897,129.71859043956,생활/편의,슈퍼마켓,large_scale_shop_seoul_cleaned.csv
GS THE FRESH 신사점,"서울특별시 강남구 압구정로18길 25 (신사동, 한국산업양행빌딩)",35.28569196764035,129.712738768803,생활/편의,슈퍼마켓,large_scale_shop_seoul_cleaned.csv
더 샵스 앳 센터필드 (THE SHOPS AT CENTERFIELD),"서울특별시 강남구 테헤란로 231, 센터필드 (역삼동)",35.29913778036767,129.6884372317127,생활/편의,그 밖의 대규모점포,large_scale_shop_seoul_cleaned.csv
GS THE FRESH 청담점,"서울특별시 강남구 도산대로89길 35, 지상1층 107, 108호 (청담동, 청담범신칼릭스빌2차)",35.30664721038989,129.71738360562904,생활/편의,대형마트,large_scale_shop_seoul_cleaned.csv
롯데하이마트 월드타워점,서울특별시 송파구 올림픽로 300-0 (신천동),35.3481686697625,129.70217799343268,생활/편의,전문점,large_scale_shop_seoul_cleaned.csv
(주)지에스리테일 잠실점,서울특별시 송파구 올림픽로 203 (잠실동),35.34019700433254,129.7011636457259,생활/편의,슈퍼마켓,large_scale_shop_seoul_cleaned.csv
롯데월드몰,서울특별시 송파구 올림픽로 300 (신천동),35.3481686697625,129.70217799343268,생활/편의,쇼핑센터,large_scale_shop_seoul_cleaned.csv
롯데백화점 에비뉴엘 월드타워점,"서울특별시 송파구 올림픽로 300, 롯데월드타워앤드롯데월드몰 (신천동)",35.3481686697625,129.70217799343268,생활/편의,백화점,large_scale_shop_seoul_cleaned.csv
GS THE FRESH 문정역점,"서울특별시 송파구 문정로 1, 지층 B104호-B107호 (문정동, 문정역 마에스트로)",35.36454717423649,129.6700931654691,생활/편의,슈퍼마켓,large_scale_shop_seoul_cleaned.csv
마천시장,서울특별시 송파구 마천로45길 23 (마천동),35.3861345244271,129.68543118373623,생활/편의,그 밖의 대규모점포,large_scale_shop_seoul_cleaned.csv
프리마 쇼핑센타,서울특별시 송파구 올림픽로4길 40 (잠실동),35.32423226253775,129.69374469073654,생활/편의,그 밖의 대규모점포,large_scale_shop_seoul_cleaned.csv
홈플러스(주)익스프레스 잠실점,서울특별시 송파구 석촌호수로 133 (잠실동),35.33904639814773,129.69523917714338,생활/편의,슈퍼마켓,large_scale_shop_seoul_cleaned.csv
홈플러스(주) 익스프레스 송파점,서울특별시 송파구 가락로28길 7 (송파동),35.35895713447991,129.69436021853417,생활/편의,슈퍼마켓,large_scale_shop_seoul_cleaned.csv
엄마손상가,서울특별시 송파구 가락로 103 (석촌동),35.35177822324864,129.68812999636896,생활/편의,그 밖의 대규모점포,large_scale_shop_seoul_cleaned.csv
가든파이브 툴,서울특별시 송파구 충민로 10 (문정동),35.361755060184365,129.6605638294086,생활/편의,쇼핑센터,large_scale_shop_seoul_cleaned.csv
가든파이브 라이프,서울특별시 송파구 충민로 66 (문정동),35.366338581509766,129.6595277960203,생활/편의,그 밖의 대규모점포,large_scale_shop_seoul_cleaned.csv
송파쇼핑센타,서울특별시 송파구 마천로 315 (마천동),35.38651242339232,129.6816381733617,생활/편의,그 밖의 대규모점포,large_scale_shop_seoul_cleaned.csv
올림픽파크동부센트레빌 상가,서울특별시 송파구 양재대로72길 5 (오금동),35.36753410688146,129.6992635756326,생활/편의,그 밖의 대규모점포,large_scale_shop_seoul_cleaned.csv
쌍용프라자 상가,서울특별시 송파구 동남로 189 (가락동),35.36831773078401,129.68144303195436,생활/편의,그 밖의 대규모점포,large_scale_shop_seoul_cleaned.csv
홈플러스(주)잠실점,서울특별시 송파구 올림픽로35가길 16 (신천동),35.3477606350443,129.70601507215486,생활/편의,대형마트,large_scale_shop_seoul_cleaned.csv
롯데하이마트잠실점,서울특별시 송파구 올림픽로 240 (잠실동),35.343846853849165,129.69981372943369,생활/편의,전문점,large_scale_shop_seoul_cleaned.csv
올림픽프라자상가,서울특별시 송파구 양재대로 1222 (방이동),35.371001895513125,129.7063007776359,생활/편의,그 밖의 대규모점포,large_scale_shop_seoul_cleaned.csv
(주)지에스리테일 방이점,"서울특별시 송파구 오금로31가길 20 (방이동, 대림아파트)",35.36483244986454,129.69597022462978,생활/편의,슈퍼마켓,large_scale_shop_seoul_cleaned.csv
롯데쇼핑(주)롯데마트 제타플렉스 잠실점,서울특별시 송파구 올림픽로 240 (잠실동),35.343846853849165,129.69981372943369,생활/편의,대형마트,large_scale_shop_seoul_cleaned.csv
롯데캐슬플라자,서울특별시 송파구 올림픽로 269 (신천동),35.345982647807844,129.7037537540308,생활/편의,쇼핑센터,large_scale_shop_seoul_cleaned.csv
갤러리아팰리스 아케이드,서울특별시 송파구 올림픽로 212 (잠실동),35.34065182755783,129.69948033580866,생활/편의,그 밖의 대규모점포,large_scale_shop_seoul_cleaned.csv
홈플러스 익스프레스 삼전역점,"서울특별시 송파구 백제고분로 207 (삼전동, 제이 플레이스)",35.33761263103032,129.6909931253603,생활/편의,슈퍼마켓,large_scale_shop_seoul_cleaned.csv
홈플러스(주)익스프레스 거여점,서울특별시 오금로 512,35.38226677998833,129.67844545055917,생활/편의,슈퍼마켓,large_scale_shop_seoul_cleaned.csv
롯데쇼핑(주)롯데슈퍼석촌점,서울특별시 송파구 백제고분로34길 3 (석촌동),35.34487270034505,129.68874293678934,생활/편의,슈퍼마켓,large_scale_shop_seoul_cleaned.csv
농협하나로마트방이역점,서울특별시 송파구 양재대로72길 5 (오금동),35.36753410688146,129.6992635756326,생활/편의,슈퍼마켓,large_scale_shop_seoul_cleaned.csv
GS THE FRESH 송파석촌호수점,서울특별시 송파구 백제고분로33길 25 (석촌동),35.34455128356174,129.69226643990464,생활/편의,슈퍼마켓,large_scale_shop_seoul_cleaned.csv
(주)이마트에브리데이 가락동점,서울특별시 송파구 중대로9길 35 (가락동),35.36047817401773,129.68211108462623,생활/편의,슈퍼마켓,large_scale_shop_seoul_cleaned.csv
GS THE FRESH 송파하비오점,"서울특별시 송파구 송파대로 111, 하비오길동 제1층 호텔로 202동 (문정동, 파크하비오)",35.36519615970455,129.6630974091666,생활/편의,슈퍼마켓,large_scale_shop_seoul_cleaned.csv
홈플러스(주)익스프레스 풍납점,서울특별시 송파구  올림픽로51길  52 (풍납동),35.359350281391045,129.72738801425243,생활/편의,슈퍼마켓,large_scale_shop_seoul_cleaned.csv
이마트에브리데이 송파점,"서울특별시 송파구 송파대로 345 (가락동, 헬리오시티)",35.351629062464745,129.68327828583847,생활/편의,슈퍼마켓,large_scale_shop_seoul_cleaned.csv
롯데프레시송파가락가맹점,서울특별시 송파구 동남로20길 24 (가락동),35.37338275929162,129.68145708379208,생활/편의,슈퍼마켓,large_scale_shop_seoul_cleaned.csv
파크프라자 상가,서울특별시 강동구 양재대로89길 16 (성내동),35.37266911458059,129.7199121157766,생활/편의,그 밖의 대규모점포,large_scale_shop_seoul_cleaned.csv
(주)이마트천호점,서울특별시 강동구 천호대로 1017 (천호동),35.365032215513565,129.73394942221475,생활/편의,대형마트,large_scale_shop_seoul_cleaned.csv
이천일아울렛 천호점,서울특별시 강동구 구천면로 189 (천호동),35.3652257756872,129.7371623296508,생활/편의,그 밖의 대규모점포,large_scale_shop_seoul_cleaned.csv
이안강동주상복합상가,서울특별시 강동구 천호대로162길 34 (성내동),35.36703317064583,129.7302265771483,생활/편의,그 밖의 대규모점포,large_scale_shop_seoul_cleaned.csv
강동한신휴플러스,서울특별시 강동구 진황도로 99 (길동),35.374602392596024,129.73112554190203,생활/편의,그 밖의 대규모점포,large_scale_shop_seoul_cleaned.csv
홈플러스 강동점,서울특별시 강동구 양재대로 1571 (천호동),35.37811935783209,129.74305027101178,생활/편의,대형마트,large_scale_shop_seoul_cleaned.csv
동서울오네뜨상가,서울특별시 강동구 양재대로124길 32 (길동),35.37931739702967,129.73930095875252,생활/편의,그 밖의 대규모점포,large_scale_shop_seoul_cleaned.csv
현대백화점 천호점,"서울특별시 강동구 천호대로 1005 (천호동, 현대백화점)",35.36415737408249,129.73438426022463,생활/편의,백화점,large_scale_shop_seoul_cleaned.csv
(주)이마트명일점,서울특별시 강동구 고덕로 276 (명일동),35.38866913671051,129.7543637898003,생활/편의,그 밖의 대규모점포,large_scale_shop_seoul_cleaned.csv
주양쇼핑,서울특별시 강동구  고덕로62길  55 (명일동),35.38686579979674,129.75167013067124,생활/편의,그 밖의 대규모점포,large_scale_shop_seoul_cleaned.csv
홈플러스(주) 익스프레스 암사점,서울특별시 강동구 고덕로24길 50 (암사동),35.37223483610373,129.7509696204362,생활/편의,슈퍼마켓,large_scale_shop_seoul_cleaned.csv
홈플러스(주) 익스프레스 성내점,서울특별시 강동구 풍성로 138 (성내동),35.36667364059011,129.7249375268413,생활/편의,슈퍼마켓,large_scale_shop_seoul_cleaned.csv
(주)이마트에브리데이 명일동점,"서울특별시 강동구 명일로 375, 삼익그린맨션 지하1층 (명일동)",35.38283623712644,129.75247116846458,생활/편의,슈퍼마켓,large_scale_shop_seoul_cleaned.csv
홈플러스(주)익스프레스 길동점,서울특별시 강동구 양재대로 1486 (길동),35.37695445196275,129.73403186678448,생활/편의,슈퍼마켓,large_scale_shop_seoul_cleaned.csv
(주)농협유통 하나로마트 성내점,서울특별시 강동구 올림픽로 528 (성내동),35.36117061727065,129.72180236326562,생활/편의,슈퍼마켓,large_scale_shop_seoul_cleaned.csv
(주)지에스리테일 명일점,서울특별시 강동구 양재대로 1630 (명일동),35.37953581998,129.75001327398064,생활/편의,슈퍼마켓,large_scale_shop_seoul_cleaned.csv
롯데쇼핑㈜롯데슈퍼길동점,서울특별시 강동구 성안로 176 (길동),35.37365320286278,129.7341160610243,생활/편의,슈퍼마켓,large_scale_shop_seoul_cleaned.csv
고덕비즈밸리 유통판매 복합시설,서울 강동구 고덕비즈밸리로 51,35.38966945912667,129.76855112086574,생활/편의,복합쇼핑몰,large_scale_shop_seoul_cleaned.csv
천호코오롱상가,서울특별시 강동구 진황도로 12 (천호동),35.36729757384946,129.73461577394312,생활/편의,그 밖의 대규모점포,large_scale_shop_seoul_cleaned.csv
신세계 이마트 명일점,서울특별시 강동구 고덕로 276 이마트 명일점,35.38866913671051,129.7543637898003,생활/편의,대형마트,large_scale_shop_seoul_cleaned.csv
양지종합시장,서울특별시 강동구 고덕로27길 15-26,35.37407706844826,129.75464514660686,생활/편의,시장,large_scale_shop_seoul_cleaned.csv
GS THE FRESH 강동성내점,"서울특별시 강동구 풍성로38길 9, 바로빌딩 1층 (성내동)",35.36524201451488,129.72530040764562,생활/편의,슈퍼마켓,large_scale_shop_seoul_cleaned.csv
하우스오브신세계 청담,서울특별시 강남구 도산대로 442 (청담동),35.30030338740497,129.7130953764637,생활/편의,백화점,large_scale_shop_seoul_cleaned.csv
노량진 드림스퀘어,"서울특별시 동작구 노들로2길 7, 노량진 드림스퀘어 복합빌딩 (노량진동)",35.21755346855567,129.69929632799062,생활/편의,그 밖의 대규모점포,large_scale_shop_seoul_cleaned.csv
연서시장,서울특별시 은평구 통일로 850 (불광동),35.20086788898465,129.82683130424363,생활/편의,시장,large_scale_shop_seoul_cleaned.csv
이마트에브리데이 중화리버센SK점,"서울특별시 중랑구 중랑천로 200, 102,105,404호 (중화동, 리버센 SK VIEW 롯데캐슬)",35.32349704063892,129.81099051286012,생활/편의,대형마트,large_scale_shop_seoul_cleaned.csv
롯데슈퍼 강동둔촌점,서울특별시 강동구 진황도로 165 (둔촌동),35.378521159427216,129.72558217392134,생활/편의,슈퍼마켓,large_scale_shop_seoul_cleaned.csv
한화 송파지점,서울특별시 송파구 가락로 183 (송파동),35.35723755383675,129.69268696546516,생활/편의,그 밖의 대규모점포,large_scale_shop_seoul_cleaned.csv
GS THE FRESH 동대문장안점,"서울특별시 동대문구 장한로28가길 45, 희헌빌딩 (장안동)",35.32184796521292,129.7768500296448,생활/편의,슈퍼마켓,large_scale_shop_seoul_cleaned.csv
롯데슈퍼 도봉캐슬점,"서울특별시 도봉구 도봉로150마길 34, 지하1층 B107~B126호 (방학동, 도봉 롯데캐슬 골든파크)",35.2974001947968,129.88921356864464,생활/편의,슈퍼마켓,large_scale_shop_seoul_cleaned.csv
롯데슈퍼 방학점,서울특별시 도봉구 방학로 223 (방학동),35.283235835695265,129.8808638710409,생활/편의,슈퍼마켓,large_scale_shop_seoul_cleaned.csv
롯데슈퍼 쌍문점,서울특별시 도봉구 도당로 10 (쌍문동),35.28980478618053,129.87836325117004,생활/편의,쇼핑센터,large_scale_shop_seoul_cleaned.csv
롯데쇼핑(주)롯데슈퍼범서점,서울특별시 은평구 통일로 842 (불광동),35.20082665215929,129.82580403210537,생활/편의,그 밖의 대규모점포,large_scale_shop_seoul_cleaned.csv
롯데슈퍼 창천점,"서울특별시 서대문구 신촌로 13, 아륭빌딩 (창천동)",35.20781335793545,129.75283372815366,생활/편의,슈퍼마켓,large_scale_shop_seoul_cleaned.csv
롯데슈퍼 남가좌점,"서울특별시 서대문구 거북골로 120(남가좌동, DMC센트레빌)",35.19702861246164,129.77373973960624,생활/편의,복합쇼핑몰,large_scale_shop_seoul_cleaned.csv
롯데슈퍼 장위점,서울특별시 성북구 월계로40길 7 (장위동),35.30129111984453,129.8345534178359,생활/편의,슈퍼마켓,large_scale_shop_seoul_cleaned.csv
롯데슈퍼 정릉점,서울특별시 성북구 정릉로 307 (정릉동),35.277903477764696,129.80973586574447,생활/편의,슈퍼마켓,large_scale_shop_seoul_cleaned.csv
롯데프리미엄푸드마켓 공덕점,"서울특별시 마포구 마포대로 109 (공덕동, 롯데캐슬프레지던트)",35.225658514164685,129.7368585438559,생활/편의,슈퍼마켓,large_scale_shop_seoul_cleaned.csv
롯데슈퍼 대흥점,서울특별시 마포구 큰우물로 3 (대흥동),35.21740204052745,129.7371562662603,생활/편의,복합쇼핑몰,large_scale_shop_seoul_cleaned.csv
롯데쇼핑(주) 롯데슈퍼공릉점,"서울특별시 노원구 공릉로 144 (공릉동, 공릉빌딩)",35.32599944193726,129.83508850737726,생활/편의,슈퍼마켓,large_scale_shop_seoul_cleaned.csv
GS THE FRESH 이문파크자이점,서울특별시 동대문구 이문로 120 (이문동),35.3139825622356,129.8051889274861,생활/편의,슈퍼마켓,large_scale_shop_seoul_cleaned.csv
롯데쇼핑(주)롯데슈퍼 방화점,서울특별시 강서구 방화대로34길 83 (방화동),35.12174266866579,129.7652923330343,생활/편의,슈퍼마켓,large_scale_shop_seoul_cleaned.csv
롯데쇼핑(주) 롯데마트 서초점,"서울특별시 서초구 서초대로38길 12 (서초동, 마제스타시티, 힐스테이트 서리풀)",35.271043671898006,129.67178183421905,생활/편의,복합쇼핑몰,large_scale_shop_seoul_cleaned.csv
롯데쇼핑(주)롯데슈퍼화곡점,서울특별시 강서구 강서로 43 (화곡동),35.143205305496544,129.71800056540846,생활/편의,슈퍼마켓,large_scale_shop_seoul_cleaned.csv
롯데쇼핑(주) 롯데마트 삼양점,서울특별시 강북구 삼양로 247 (미아동),35.276783530835544,129.83690669334666,생활/편의,복합쇼핑몰,large_scale_shop_seoul_cleaned.csv
롯데백화점 미아점,서울특별시 강북구 도봉로 62 (미아동),35.28728939063608,129.82342402220087,생활/편의,복합쇼핑몰,large_scale_shop_seoul_cleaned.csv
롯데백화점 본점,서울특별시 중구 남대문로 81 (소공동),35.24937419061275,129.76187746458857,생활/편의,백화점,large_scale_shop_seoul_cleaned.csv
롯데쇼핑(주)롯데슈퍼송파점,"서울특별시 송파구 가락로 183, 1층 6,7호 (송파동)",35.35723755383675,129.69268696546516,생활/편의,슈퍼마켓,large_scale_shop_seoul_cleaned.csv
롯데쇼핑(주) 관악점,서울특별시  봉천로 209,35.206767919353275,129.66996840925464,생활/편의,복합쇼핑몰,large_scale_shop_seoul_cleaned.csv
동대문종합시장 신관,서울특별시 종로구 종로 272 (종로6가),35.27070102538213,129.76988087187837,생활/편의,복합쇼핑몰,large_scale_shop_seoul_cleaned.csv
썬프라자,서울특별시 영등포구 신길로 41 (대림동),35.19309244038723,129.67674521879243,생활/편의,쇼핑센터,large_scale_shop_seoul_cleaned.csv
롯데쇼핑(주) 롯데슈퍼 장안점,서울특별시 동대문구 한천로46길 42 (장안동),35.320177733033226,129.78468672172897,생활/편의,복합쇼핑몰,large_scale_shop_seoul_cleaned.csv
롯데쇼핑(주)롯데슈퍼잠실3동점,서울특별시 송파구 석촌호수로 61 (잠실동),35.33454224879794,129.6987061421257,생활/편의,슈퍼마켓,large_scale_shop_seoul_cleaned.csv
롯데쇼핑(주)롯데슈퍼신천점,서울특별시 송파구 올림픽로 111 (잠실동),35.33194703237191,129.7004552818788,생활/편의,슈퍼마켓,large_scale_shop_seoul_cleaned.csv
롯데쇼핑(주) 롯데마트 월드타워점,"서울특별시 송파구 올림픽로 300, 롯데월드타워앤드롯데월드몰 (신천동)",35.3481686697625,129.70217799343268,생활/편의,대형마트,large_scale_shop_seoul_cleaned.csv
롯데쇼핑(주)롯데마트 제타플렉스 서울역점,서울특별시 중구 청파로 426 (봉래동2가),35.24040470966656,129.75352035292792,생활/편의,대형마트,large_scale_shop_seoul_cleaned.csv
뉴코아백화점,"서울특별시 서초구 잠원로 37-6 (잠원동, 뉴코아백화점빌딩)",35.26988766257683,129.6946286120043,생활/편의,백화점,large_scale_shop_seoul_cleaned.csv
롯데쇼핑(주)롯데마트 강변점,서울특별시 광진구 광나루로56길 85 (구의동),35.34142265298682,129.72952557593203,생활/편의,대형마트,large_scale_shop_seoul_cleaned.csv
(주)이랜드리테일 강남점,"서울특별시 서초구 잠원로 51, 뉴코아백화점 (잠원동)",35.27175761364203,129.69506670997413,생활/편의,대형마트,large_scale_shop_seoul_cleaned.csv
롯데쇼핑(주) 롯데마트맥스 금천점,"서울특별시 금천구 두산로 71, 롯데마트 맥스 금천점 (독산동)",35.18391776988732,129.64495277084356,생활/편의,복합쇼핑몰,large_scale_shop_seoul_cleaned.csv
이랜드리테일 당산점,서울특별시 영등포구 양평로 47 (당산동5가),35.18646526336087,129.72213909125307,생활/편의,그 밖의 대규모점포,large_scale_shop_seoul_cleaned.csv
잠실중앙상가,서울특별시 송파구 올림픽로 203 (잠실동),35.34019700433254,129.7011636457259,생활/편의,그 밖의 대규모점포,large_scale_shop_seoul_cleaned.csv
