점포명,주소,전화번호,비고,예약 가능 여부,운영 시간
논현역사거리,서울특별시 강남구 강남대로 538 (논현동),1522-3232,리저브 매장 2번,TRUE,[URL]
신사역성일빌딩,서울특별시 강남구 강남대로 584 (논현동),1522-3232,리저브 매장 2번,FALSE,09:00 - 22:00
국기원사거리,서울특별시 강남구 테헤란로 125 (역삼동),1522-3232,리저브 매장 2번,TRUE,08:00 - 23:00
대치재경빌딩,서울특별시 강남구 남부순환로 2947 (대치동)...,1522-3232,리저브 매장 2번,FALSE,07:30 - 21:30
봉은사역,서울특별시 강남구 봉은사로 619 (삼성동),1522-3232,리저브 매장 2번,TRUE,[URL]
압구정윤성빌딩,서울특별시 강남구 논현로 834 (신사동),1522-3232,리저브 매장 2번,TRUE,09:00 - 22:00
코엑스별마당,서울특별시 강남구 영동대로 513 (삼성동),1522-3232,리저브 매장 2번,FALSE,10:00 - 21:00
삼성역섬유센터R,서울특별시 강남구 테헤란로 518 (대치동),1522-3232,리저브 매장 2번,TRUE,08:30 - 22:30
압구정R,서울특별시 강남구 언주로 861 (신사동),1522-3232,리저브 매장 2번,FALSE,[URL]
수서역R,서울특별시 강남구 광평로 281 (수서동),1522-3232,리저브 매장 2번,TRUE,07:00 - 21:00
양재강남빌딩R,서울특별시 강남구 남부순환로 2621 (도곡동)...,1522-3232,리저브 매장 2번,FALSE,09:30 - 20:30
선릉동신빌딩R,서울특별시 강남구 테헤란로 409 (삼성동),1522-3232,리저브 매장 2번,TRUE,10:30 - 23:00
봉은사로선정릉,서울특별시 강남구 봉은사로 446 (삼성동),1522-3232,리저브 매장 2번,FALSE,08:00 - 21:00
강남오거리,서울특별시 강남구 봉은사로2길 39 (역삼동),1522-3232,리저브 매장 2번,TRUE,[URL]
스타필드코엑스몰R,서울특별시 강남구 영동대로 513 (삼성동) 코엑스 A106호...,1522-3232,리저브 매장 2번,TRUE,07:30 - 22:00
강남구청정문,서울특별시 강남구 학동로 419 (청담동),1522-3232,리저브 매장 2번,FALSE,09:00 - 21:30
도곡공원,서울특별시 강남구 도곡로 205 (역삼동),1522-3232,리저브 매장 2번,TRUE,10:00 - 20:00
강남R,서울특별시 강남구 강남대로 390 (역삼동),1522-3232,리저브 매장 2번,TRUE,08:00 - 23:00
대치은마사거리,서울특별시 강남구 도곡로 457 (대치동),1522-3232,리저브 매장 2번,FALSE,[URL]
청담영동대로,서울특별시 강남구 영동대로 720 (청담동),1522-3232,리저브 매장 2번,TRUE,09:30 - 22:30
압구정,서울특별시 강남구 압구정로30길 17 (신사동)...,1522-3232,리저브 매장 2번,TRUE,07:00 - 21:30
신사가로수,서울특별시 강남구 가로수길 59,1522-3232,리저브 매장 2번,FALSE,10:00 - 22:00
청담스타R,서울특별시 강남구 도산대로57길 24 (청담동)...,1522-3232,리저브 매장 2번,TRUE,08:30 - 20:30
강남우성,서울특별시 강남구 강남대로 328 (역삼동),1522-3232,리저브 매장 2번,FALSE,[URL]
학동사거리,서울특별시 강남구 도산대로 328 (논현동),1522-3232,리저브 매장 2번,TRUE,09:00 - 23:00
대치사거리,서울특별시 강남구 삼성로 402 (대치동),1522-3232,리저브 매장 2번,TRUE,07:30 - 21:00
포스코사거리,서울특별시 강남구 테헤란로 505 (삼성동) 화진빌딩...,1522-3232,리저브 매장 2번,FALSE,10:00 - 22:00
을지병원사거리,"서울특별시 강남구 논현로 752 (논현동,구산빌딩)...",1522-3232,리저브 매장 2번,TRUE,08:00 - 20:00
신사역,서울특별시 강남구 도산대로 108 (논현동) 렉스타워...,1522-3232,리저브 매장 2번,FALSE,[URL]
도곡역,서울특별시 강남구 남부순환로 2909 (대치동)...,1522-3232,리저브 매장 2번,TRUE,09:30 - 21:00
서울세관사거리,서울특별시 강남구 언주로 650 (논현동) 한국건설기술인협회...,1522-3232,리저브 매장 2번,FALSE,07:00 - 23:00
청담사거리,서울특별시 강남구 도산대로 458 (청담동) 리츠타워...,1522-3232,리저브 매장 2번,TRUE,10:00 - 20:00
한티역,"서울특별시 강남구 도곡로 408, 디마크빌딩 101호 (대치동)...",1522-3232,리저브 매장 2번,TRUE,08:30 - 22:00
역삼초교사거리,서울특별시 강남구 역삼로 123 (역삼동),1522-3232,리저브 매장 2번,FALSE,09:00 - 21:00
코엑스몰,서울특별시 강남구 영동대로 513 (삼성동) O103호...,1522-3232,리저브 매장 2번,TRUE,[URL]
가로수길,"서울특별시 강남구 논현로175길 94, 1~2층 (신사동)...",1522-3232,리저브 매장 2번,FALSE,07:30 - 23:00
역삼대로,"서울특별시 강남구 테헤란로 211, 한국고등교육재단빌딩 1층 (역삼동)...",1522-3232,리저브 매장 2번,TRUE,10:00 - 20:00
역삼포스코,"서울특별시 강남구 테헤란로 134, P&S TOWER (역삼동)...",1522-3232,리저브 매장 2번,TRUE,08:00 - 22:00
강남대로,"서울특별시 강남구 강남대로 456, 한석타워 2층 1-2호 (역삼동)...",1522-3232,리저브 매장 2번,FALSE,09:30 - 21:30
청담,"서울특별시 강남구 도산대로 532, 인희빌딩 1층 (청담동)...",1522-3232,리저브 매장 2번,TRUE,07:00 - 20:30
삼성교,"서울특별시 강남구 영동대로86길 12, 동남유화빌딩 1층...",1522-3232,리저브 매장 2번,TRUE,10:00 - 23:00
학동역,서울특별시 강남구 논현로 704 (논현동),1522-3232,리저브 매장 2번,FALSE,08:30 - 21:00
대치,서울특별시 강남구 도곡로 511 (대치동),1522-3232,리저브 매장 2번,TRUE,09:00 - 22:00
신세계푸드마켓도곡,"서울특별시 강남구 언주로30길 57, 타워팰리스Ⅱ F 지하1층 (도곡동)...",1522-3232,리저브 매장 2번,FALSE,07:30 - 21:30
삼성,"서울특별시 강남구 테헤란로 443, 애플트리타워 1층 (삼성동)...",1522-3232,리저브 매장 2번,TRUE,[URL]
선릉세화빌딩,서울특별시 강남구 테헤란로64길 18 (대치동) 1층...,1522-3232,리저브 매장 2번,TRUE,08:00 - 22:00
압구정역,"서울특별시 강남구 압구정로 170, 관영빌딩 1층 지하1층 (신사동)...",1522-3232,리저브 매장 2번,FALSE,09:30 - 20:00
압구정로,서울특별시 강남구 압구정로42길 32 (신사동)...,1522-3232,리저브 매장 2번,TRUE,07:00 - 23:00
구역삼사거리,서울특별시 강남구 논현로 401 (역삼동),1522-3232,리저브 매장 2번,FALSE,10:00 - 21:30
큰길타워,"서울특별시 강남구 테헤란로 223, 큰길타워빌딩 (역삼동)...",1522-3232,리저브 매장 2번,TRUE,08:30 - 22:30
강남구청역,"서울특별시 강남구 선릉로 669, 웰빙센터 1층 (논현동)...",1522-3232,리저브 매장 2번,TRUE,09:00 - 20:00
대치역,서울특별시 강남구 남부순환로 2936 (대치동) 107호...,1522-3232,리저브 매장 2번,FALSE,07:30 - 23:00
포이,서울특별시 강남구 논현로 88 (개포동),1522-3232,리저브 매장 2번,TRUE,10:00 - 20:30
아크플레이스,서울특별시 강남구 테헤란로 142 (역삼동),1522-3232,리저브 매장 2번,FALSE,08:00 - 22:00
학여울역,서울특별시 강남구 영동대로 215 (대치동),1522-3232,리저브 매장 2번,TRUE,[URL]
선정릉역,서울특별시 강남구 봉은사로 407 (삼성동) 에프오빌딩...,1522-3232,리저브 매장 2번,FALSE,09:30 - 21:00
삼성현대힐,서울특별시 강남구 삼성로 605 (삼성동),1522-3232,리저브 매장 2번,TRUE,07:00 - 22:00
GS타워,서울특별시 강남구 논현로 508 (역삼동),1522-3232,리저브 매장 2번,FALSE,10:00 - 21:00
압구정미소,서울특별시 강남구 논현로 841 (신사동),1522-3232,리저브 매장 2번,TRUE,08:30 - 20:00
선릉역,"서울특별시 강남구 테헤란로 334, LG화재 빌딩 (역삼동)...",1522-3232,리저브 매장 2번,FALSE,09:00 - 23:00
코엑스사거리,서울특별시 강남구 영동대로 616 (삼성동),1522-3232,리저브 매장 2번,TRUE,07:30 - 21:30
역삼럭키,서울특별시 강남구 도곡로 183 (역삼동),1522-3232,리저브 매장 2번,FALSE,10:00 - 20:30
신압구정,서울특별시 강남구 언주로174길 29 (신사동),1522-3232,리저브 매장 2번,TRUE,[URL]
아크로힐스논현,"서울특별시 강남구 봉은사로 304, 금강빌딩 1-2층 (역삼동)...",1522-3232,리저브 매장 2번,TRUE,08:00 - 22:00
강남비젼타워,"서울특별시 강남구 테헤란로2길 27, 1층 101호 (역삼동)...",1522-3232,리저브 매장 2번,FALSE,09:30 - 20:00
압구정로데오역,"서울특별시 강남구 선릉로 836, 삼원빌딩 1,2층 (청담동)...",1522-3232,리저브 매장 2번,TRUE,07:00 - 23:00
르네상스사거리,서울특별시 강남구 테헤란로 306 (역삼동),1522-3232,리저브 매장 2번,FALSE,10:00 - 21:00
포스코,"서울특별시 강남구 삼성로86길 7, 1층 (대치동)...",1522-3232,리저브 매장 2번,TRUE,08:30 - 22:00
선릉로,"서울특별시 강남구 선릉로93길 22, 대흥빌딩 1층 (역삼동)...",1522-3232,리저브 매장 2번,FALSE,09:00 - 21:30
논현힐탑,서울특별시 강남구 논현로 648 (논현동),1522-3232,리저브 매장 2번,TRUE,[URL]
도산가로수길,"서울특별시 강남구 도산대로 134, 2층 (논현동)...",1522-3232,리저브 매장 2번,TRUE,07:30 - 20:30
매봉역,서울특별시 강남구 남부순환로 2736 (도곡동)...,1522-3232,리저브 매장 2번,FALSE,10:00 - 23:00
청담역6번출구,서울특별시 강남구 삼성로 634 (삼성동),1522-3232,리저브 매장 2번,TRUE,08:00 - 22:00
강남자곡,서울특별시 강남구 자곡로 172 (자곡동) 107~109호...,1522-3232,리저브 매장 2번,FALSE,09:30 - 21:00
대치한티,서울특별시 강남구 선릉로 324 (대치동),1522-3232,리저브 매장 2번,TRUE,07:00 - 20:00
개포동,서울특별시 강남구 선릉로 34 (개포동),1522-3232,리저브 매장 2번,TRUE,10:00 - 23:00
수서역사거리,서울특별시 강남구 광평로 280 (수서동),1522-3232,리저브 매장 2번,FALSE,08:30 - 21:30
코엑스아셈타워,서울특별시 강남구 영동대로 517 (삼성동),1522-3232,리저브 매장 2번,TRUE,09:00 - 20:00
강남차여성병원,서울특별시 강남구 봉은사로 156 (역삼동),1522-3232,리저브 매장 2번,FALSE,07:30 - 22:00
센터필드R,서울특별시 강남구 테헤란로 231 (역삼동),1522-3232,리저브 매장 2번,TRUE,10:00 - 21:00
도산사거리,서울특별시 강남구 언주로 727 (논현동),1522-3232,리저브 매장 2번,FALSE,08:00 - 23:00
강남세곡,서울특별시 강남구 헌릉로569길 18 (세곡동),1522-3232,리저브 매장 2번,TRUE,[URL]
대치삼성,서울특별시 강남구 영동대로 237 (대치동),1522-3232,리저브 매장 2번,TRUE,09:30 - 22:30
언주역,서울특별시 강남구 봉은사로 222 (역삼동),1522-3232,리저브 매장 2번,FALSE,07:00 - 21:30
신논현역3번출구,서울특별시 강남구 강남대로 488 (논현동),1522-3232,리저브 매장 2번,TRUE,10:00 - 22:00
강남파이낸스센터,서울특별시 강남구 테헤란로 152 (역삼동),1522-3232,리저브 매장 2번,FALSE,08:30 - 20:30
강남역신분당역사,서울특별시 강남구 강남대로 396 (역삼동),1522-3232,리저브 매장 2번,TRUE,[URL]
삼성역,서울특별시 강남구 테헤란로 620 (대치동),1522-3232,리저브 매장 2번,TRUE,09:00 - 23:00
테헤란로아남타워,서울특별시 강남구 테헤란로 311 (역삼동),1522-3232,리저브 매장 2번,FALSE,07:30 - 21:00
강남논현,서울특별시 강남구 강남대로 512 (논현동),1522-3232,리저브 매장 2번,TRUE,10:00 - 22:00
삼성동,서울특별시 강남구 영동대로96길 12 (삼성동)...,1522-3232,리저브 매장 2번,FALSE,08:00 - 20:00
리저브도산,서울특별시 강남구 선릉로155길 23 (신사동),1522-3232,리저브 매장 2번,TRUE,[URL]
압구정역사3번출구,서울특별시 강남구 논현로 854 (신사동),1522-3232,리저브 매장 2번,FALSE,09:30 - 21:00
청담역,서울특별시 강남구 삼성로 709 (청담동),1522-3232,리저브 매장 2번,TRUE,07:00 - 22:00
압구정현대아파트,서울특별시 강남구 논현로175길 38 (신사동),1522-3232,리저브 매장 2번,FALSE,10:00 - 21:00
강남청담빌딩,서울특별시 강남구 선릉로 704 (청담동),1522-3232,리저브 매장 2번,TRUE,08:30 - 23:00
역삼이마트,서울특별시 강남구 역삼로 310 (역삼동),1522-3232,리저브 매장 2번,FALSE,09:00 - 21:30
케이스퀘어강남,서울특별시 강남구 강남대로94길 10 (역삼동)...,1522-3232,리저브 매장 2번,TRUE,07:30 - 20:30
강남세곡DT,서울특별시 강남구 헌릉로 727 (세곡동),1522-3232,리저브 매장 2번,TRUE,10:00 - 23:00
미아뉴타운,서울특별시 강북구 삼양로 161 (미아동),1522-3232,리저브 매장 2번,FALSE,08:00 - 22:00
강북구청사거리,서울특별시 강북구 도봉로 365 (수유동),1522-3232,리저브 매장 2번,TRUE,[URL]
미아사거리역,서울특별시 강북구 도봉로 32 (미아동),1522-3232,리저브 매장 2번,FALSE,09:30 - 20:00
수유역,서울특별시 강북구 도봉로 342 (번동),1522-3232,리저브 매장 2번,TRUE,07:00 - 23:00
미아역,서울특별시 강북구 도봉로 196 (미아동),1522-3232,리저브 매장 2번,TRUE,10:00 - 21:00
수유역5번출구,"서울특별시 강북구 도봉로 315 (수유동, 에피소드 수유 838)...",1522-3232,리저브 매장 2번,FALSE,08:30 - 22:00
서울안토,서울특별시 강북구 삼양로 689 (우이동) 지하1층...,1522-3232,리저브 매장 2번,TRUE,09:00 - 21:30
발산역사거리,서울특별시 강서구 공항대로 248 (마곡동),1522-3232,리저브 매장 2번,FALSE,[URL]
마곡역,서울특별시 강서구 공항대로 168 (마곡동),1522-3232,리저브 매장 2번,TRUE,07:30 - 20:00
우장산역,서울특별시 강서구 강서로 267 (내발산동),1522-3232,리저브 매장 2번,TRUE,10:00 - 23:00
마곡사이언스타워R,서울특별시 강서구 마곡동로 62 (마곡동),1522-3232,리저브 매장 2번,FALSE,08:00 - 22:00
방화DT,서울특별시 강서구 방화대로 375 (방화동),1522-3232,리저브 매장 2번,TRUE,09:30 - 21:00
마곡나루역,서울특별시 강서구 마곡중앙로 161-17 (마곡동)...,1522-3232,리저브 매장 2번,FALSE,07:00 - 20:00
마곡GMG,"서울특별시 강서구 마곡중앙6로 16 (마곡동) 117,118,119,120호...",1522-3232,리저브 매장 2번,TRUE,10:00 - 23:00
가양역,서울특별시 강서구 양천로 476 (등촌동),1522-3232,리저브 매장 2번,FALSE,08:30 - 21:30
화곡DT,서울특별시 강서구 등촌로 57 (화곡동),1522-3232,리저브 매장 2번,TRUE,09:00 - 20:00
화곡동,서울특별시 강서구 화곡로 142(화곡동),1522-3232,리저브 매장 2번,FALSE,07:30 - 22:00
염창역,서울특별시 강서구 공항대로 627 (염창동),1522-3232,리저브 매장 2번,TRUE,10:00 - 21:00
발산역,서울특별시 강서구 강서로 388 (등촌동) 그랜드마트...,1522-3232,리저브 매장 2번,FALSE,08:00 - 23:00
까치산역,서울특별시 강서구 강서로13길 3 (화곡동),1522-3232,리저브 매장 2번,TRUE,[URL]
마곡코엑스,서울특별시 강서구 마곡중앙로 143 (마곡동),1522-3232,리저브 매장 2번,TRUE,09:30 - 22:30
염창대로,"서울특별시 강서구 양천로 744 (염창동), 101호...",1522-3232,리저브 매장 2번,FALSE,07:00 - 21:30
발산역5번출구,"서울특별시 강서구 강서로52길 43 (내발산동, DH647), 1층 일부...",1522-3232,리저브 매장 2번,TRUE,10:00 - 22:00
양천향교역,서울특별시 강서구 양천로 344 (마곡동),1522-3232,리저브 매장 2번,FALSE,08:30 - 20:30
화곡역8번출구,"서울특별시 강서구 강서로 179 (화곡동), 1층 일부...",1522-3232,리저브 매장 2번,TRUE,09:00 - 23:00
강서우장산,"서울특별시 강서구 강서로 231 (화곡동, 우장산역 해링턴 타워), 116/117/118/119/...",1522-3232,리저브 매장 2번,FALSE,07:30 - 21:00
등촌대로,"서울특별시 강서구 공항대로 543 (염창동, 센터스퀘어)...",1522-3232,리저브 매장 2번,TRUE,10:00 - 22:00
마곡보타닉게이트,"서울특별시 강서구 마곡동로 166 (마곡동) 106호,107호,108호...",1522-3232,리저브 매장 2번,FALSE,08:00 - 20:00